PitchNo,Date,Time,PAofInning,PitchofPA,Pitcher,PitcherId,PitcherThrows,PitcherTeam,Batter,BatterId,BatterSide,BatterTeam,PitcherSet,Inning,Top/Bottom,Outs,Balls,Strikes,TaggedPitchType,AutoPitchType,PitchCall,KorBB,HitType,PlayResult,OutsOnPlay,RunsScored,Notes,RelSpeed,VertRelAngle,HorzRelAngle,SpinRate,SpinAxis,Tilt,RelHeight,RelSide,Extension,VertBreak,InducedVertBreak,HorzBreak,PlateLocHeight,PlateLocSide,ZoneSpeed,VertApprAngle,HorzApprAngle,ZoneTime,ExitSpeed,Angle,Direction,HitSpinRate,PositionAt110X,PositionAt110Y,PositionAt110Z,Distance,LastTrackedDistance,Bearing,HangTime,pfxx,pfxz,x0,y0,z0,vx0,vy0,vz0,ax0,ay0,az0,HomeTeam,AwayTeam,Stadium,Level,League,GameID,PitchUID
1,5/5/2021,4:58:59 PM,1,1,"Wagner, Luke A.",691022,Left,GEO_BUL,"Floyd, Buddy",1000050725,Right,GEO_PRA,Windup,1,Top,0,0,0,Fastball,Undefined,StrikeSwinging,Undefined,Undefined,Undefined,0,0,,87.7091084950624,-1.69330349484471,2.19010787967448,2189.38523734056,164.510174871887,11:30,5.78548264482876,-2.01722525175822,5.53203839579256,-15.8459921805117,21.3079192419634,-5.91481529785486,2.88076278782778,-0.462201265546824,79.1197089357042,-4.66663150506796,1.0776726754765,0.438706217112844,,,,,,,,,,,,3.85060959292784,11.9165825697484,1.83114381191347,50,5.62820566632531,-4.67149834785999,-127.352429901398,-4.30036280850245,6.24244943985178,29.2971292354358,-12.8553764365411,GEO_BUL,GEO_PRA,UGeorgia,D1,SEC,20210505-UGeorgia-1,b6ba2e37-ade4-11eb-aeb9-181deafaf045,
2,5/5/2021,4:59:08 PM,1,2,"Wagner, Luke A.",691022,Left,GEO_BUL,"Floyd, Buddy",1000050725,Right,GEO_PRA,Windup,1,Top,0,0,1,Undefined,Undefined,Undefined,Undefined,Undefined,Undefined,0,0,,88.2529324626081,-3.78955171660149,2.48497625448453,2220.21959599483,145.159809472301,10:45,5.61713168248941,-2.04622165658954,5.65573155447788,-19.9987619199627,16.6995336359444,-11.64787640883,0.408450084170652,-0.698269887108612,79.805431147516,-7.52961807739759,0.28803375104749,0.436008007486597,,,,,,,,,,,,7.0427011736363,10.1715297550408,1.84330020938845,50,5.28358751761125,-5.16608947363808,-127.909545818634,-9.14124237580972,11.5054572884557,29.8066710313658,-15.5571144753762,GEO_BUL,GEO_PRA,UGeorgia,D1,SEC,20210505-UGeorgia-1,b6ba2e39-ade4-11eb-aeb9-181deafaf045,
3,5/5/2021,4:59:19 PM,1,3,"Wagner, Luke A.",691022,Left,GEO_BUL,"Floyd, Buddy",1000050725,Right,GEO_PRA,Windup,1,Top,0,0,1,Fastball,Undefined,BallCalled,Undefined,Undefined,Undefined,0,0,,89.6350830629891,-3.19561946620733,3.25175706338938,2308.30668503939,138.415003572689,10:30,5.64518972687737,-1.94359696313986,5.68134419136681,-17.0427098331043,18.2827616594015,-16.2531090447719,1.23868785176838,-0.264067518675722,81.3813062762054,-6.38482373522181,0.196523435835176,0.427775100421879,,,,,,,,,,,,9.6876541400546,10.7607634934785,1.67998222483722,49.9999999999999,5.36521795640076,-6.83819246880911,-129.976415535406,-7.84149142653293,16.4541483785493,29.0592268230565,-13.8972607367556,GEO_BUL,GEO_PRA,UGeorgia,D1,SEC,20210505-UGeorgia-1,c2e5992b-ade4-11eb-aeb9-181deafaf045,
4,5/5/2021,4:59:30 PM,1,4,"Wagner, Luke A.",691022,Left,GEO_BUL,"Floyd, Buddy",1000050725,Right,GEO_PRA,Windup,1,Top,0,1,1,ChangeUp,Undefined,StrikeCalled,Undefined,Undefined,Undefined,0,0,,82.2559741097102,-1.88332439219076,2.89637262121481,1633.77120865135,144.860438996505,10:45,5.56208867443377,-2.25869837448717,6.17458859930155,-20.6476008112332,20.620554125794,-14.5409591419058,2.09952373500171,-0.793626315725965,74.3142092492466,-5.79918903368122,0.129276826181025,0.462358711260399,,,,,,,,,,,,8.86842361500387,11.8705958739405,2.04728718910336,50,5.40926137312466,-5.63677390733262,-119.488344577359,-4.51432973625181,12.6483005064857,25.9253736489469,-15.2439975887893,GEO_BUL,GEO_PRA,UGeorgia,D1,SEC,20210505-UGeorgia-1,c8f55841-ade4-11eb-aeb9-181deafaf045,
5,5/5/2021,4:59:41 PM,1,5,"Wagner, Luke A.",691022,Left,GEO_BUL,"Floyd, Buddy",1000050725,Right,GEO_PRA,Windup,1,Top,0,1,2,Fastball,Undefined,FoulBall,Undefined,Undefined,Undefined,0,0,,89.5588166307172,-2.29802506264565,2.7734223388884,2293.0867464419,141.107583080499,10:45,5.74864276366713,-2.04628582695818,5.50961775460088,-15.5685355193661,20.2603928553475,-16.3708240925267,2.29890180814044,-0.815301107397034,80.5243476425313,-5.22153821400963,-0.309775744050456,0.430812630872387,,,,,,,,,,,,9.6467368258777,11.570546706178,1.81534160318161,50,5.53797945708663,-5.73058253924495,-129.89702643196,-5.75333165184579,16.2169595350054,31.2966548780422,-12.7230060828106,GEO_BUL,GEO_PRA,UGeorgia,D1,SEC,20210505-UGeorgia-1,cfa72e3f-ade4-11eb-aeb9-181deafaf045,
6,5/5/2021,4:59:58 PM,1,6,"Wagner, Luke A.",691022,Left,GEO_BUL,"Floyd, Buddy",1000050725,Right,GEO_PRA,Windup,1,Top,0,1,2,Slider,Undefined,StrikeSwinging,Strikeout,Undefined,Undefined,0,0,,75.5168066532003,1.47867386936289,0.356579088494789,2260.62481751396,254.95569206299,2:30,5.525010061867,-2.04579352813811,5.38244293377182,-44.821510424287,5.65599307814969,21.2199245091792,3.17608384555643,0.0567362652090988,68.4012748893022,-6.89588801160675,4.33850810996356,0.511352580767313,,,,,,,,,,,,-11.1683580844788,2.52723337157433,1.99937534849982,50,5.62629212308164,-1.31056298844249,-109.683180699626,1.50499223448768,-13.3866018465097,22.3098698052943,-29.1448596046995,GEO_BUL,GEO_PRA,UGeorgia,D1,SEC,20210505-UGeorgia-1,da1278d3-ade4-11eb-aeb9-181deafaf045,
7,5/5/2021,5:00:19 PM,2,1,"Wagner, Luke A.",691022,Left,GEO_BUL,"Guidry, Kameron",1000013093,Right,GEO_PRA,Windup,1,Top,1,0,0,Slider,Undefined,BallCalled,Undefined,Undefined,Undefined,0,0,,74.3628824780525,2.11167486605894,-1.71091462936017,2272.43403355313,264.128718707211,2:45,5.50146797099766,-1.98723769407245,5.43918948488515,-48.0685580775635,2.77496212385831,27.4499027810795,3.4745769914241,-1.3020567985912,68.8562157671197,-6.77728543482815,3.38677169874145,0.513203162812978,,,,,,,,,,,,-14.9637788156659,0.937907249652225,2.11949426364959,50,5.65506147482011,2.42045113523119,-108.140466569438,2.5712753785369,-17.8846446673559,17.2146451195,-31.0530658088503,GEO_BUL,GEO_PRA,UGeorgia,D1,SEC,20210505-UGeorgia-1,e4fc1858-ade4-11eb-aeb9-181deafaf045,
8,5/5/2021,5:00:30 PM,2,2,"Wagner, Luke A.",691022,Left,GEO_BUL,"Guidry, Kameron",1000013093,Right,GEO_PRA,Windup,1,Top,1,1,0,ChangeUp,Undefined,InPlay,Undefined,GroundBall,Single,0,0,,82.452739906209,-1.0376222705036,2.97081874626293,1660.78570128002,125.893995712932,10:15,5.22322636367504,-2.24251049672605,6.22901646392453,-30.949500786125,9.19243097761575,-12.7537980373098,1.68554377586592,-0.562408190398211,76.269676792852,-6.84183078315797,0.568647928140406,0.456006100277046,90.5592895824791,0.170144489644678,-5.97589549252033,902.124127891543,,,,43.7789368243104,40.4179714483785,-3.08028434439804,0.331760864257813,7.69741785073384,5.26973541584019,2.02735588034629,50.0000000000001,5.13018416042995,-5.86478289570926,-119.994745451822,-3.05616254947782,11.3248582176641,21.245834379985,-24.4209282781408,GEO_BUL,GEO_PRA,UGeorgia,D1,SEC,20210505-UGeorgia-1,ed4589be-ade4-11eb-aeb9-181deafaf045,
9,5/5/2021,5:01:05 PM,3,1,"Wagner, Luke A.",691022,Left,GEO_BUL,"Watkins, Lane",1000051388,Left,GEO_PRA,Stretch,1,Top,1,0,0,Fastball,Undefined,StrikeSwinging,Undefined,Undefined,Undefined,0,0,,87.8418158340059,-2.80329073913849,3.00027756183824,2208.89331918925,149.787291844396,11:00,5.94569882064698,-1.76242791548937,5.528437550574,-11.6871974779907,25.3847927629462,-14.8021377187234,2.34587413861047,-0.189052908187482,79.3305395668374,-4.99386346044086,0.220206029049655,0.438222295461901,,,,,,,,,,,,8.82763705395564,14.4167323486698,1.51161519253833,50,5.69433766987052,-6.17767465305024,-127.38758954878,-6.64021480107159,14.3529021343906,28.7415226366598,-8.73380659434839,GEO_BUL,GEO_PRA,UGeorgia,D1,SEC,20210505-UGeorgia-1,ffd420eb-ade4-11eb-aeb9-181deafaf045,
10,5/5/2021,5:01:20 PM,3,2,"Wagner, Luke A.",691022,Left,GEO_BUL,"Watkins, Lane",1000051388,Left,GEO_PRA,Stretch,1,Top,1,0,1,Slider,Undefined,BallCalled,Undefined,Undefined,Undefined,0,0,,74.0937391345389,0.174510597654739,1.74807405393083,2322.45870886204,256.298161131395,2:30,5.45543634059461,-1.98214796565872,5.13045999923792,-48.5934072449786,4.02932643233791,16.7295912649411,1.57038769732196,1.05853982779262,67.8900786613514,-8.7884141834522,4.8576482554807,0.52210544326415,,,,,,,,,,,,-8.26998764185092,2.06679613262229,1.80570466353796,50,5.43517119254054,-3.7921754931195,-107.614519759332,-1.147269603387,-9.61076873787333,20.2451867280581,-29.7721707642022,GEO_BUL,GEO_PRA,UGeorgia,D1,SEC,20210505-UGeorgia-1,08c6cce0-ade5-11eb-aeb9-181deafaf045,
11,5/5/2021,5:01:34 PM,3,3,"Wagner, Luke A.",691022,Left,GEO_BUL,"Watkins, Lane",1000051388,Left,GEO_PRA,Stretch,1,Top,1,1,1,Slider,Undefined,StrikeCalled,Undefined,Undefined,Undefined,0,0,,73.812870637357,0.062851387032332,0.459214648265989,2299.29527331599,244.552286916138,2:15,5.43658227847031,-2.19191828658408,5.02205379311346,-46.340791595615,7.04034846918846,14.9006029413789,1.63415343356147,-0.516911562527291,67.2221439773898,-8.50456526930444,3.23524292973892,0.525854313546951,,,,,,,,,,,,-7.67241007135966,3.67366063226981,2.13641734545376,50,5.40649703337692,-1.31578755866595,-107.201330447346,-1.30233385003263,-8.81476617766072,20.7326889509867,-27.953411339656,GEO_BUL,GEO_PRA,UGeorgia,D1,SEC,20210505-UGeorgia-1,0fad14cf-ade5-11eb-aeb9-181deafaf045,
12,5/5/2021,5:01:49 PM,3,4,"Wagner, Luke A.",691022,Left,GEO_BUL,"Watkins, Lane",1000051388,Left,GEO_PRA,Stretch,1,Top,1,1,2,Slider,Undefined,BallCalled,Undefined,Undefined,Undefined,0,0,,76.3562168927384,1.02550772771375,2.19783431218031,2232.5504149376,262.675545026035,2:45,5.42460100068928,-1.78358367564498,4.9603986983647,-47.9884507583431,1.7440437679761,13.9322234194394,2.39507588523501,1.45453065615671,70.0056936882527,-7.80406485982696,4.77358109254385,0.507564968629677,,,,,,,,,,,,-6.63619923603298,0.611364339468091,1.55988809822549,50,5.48542693841374,-4.70276341816106,-110.858374593203,0.442043323243914,-8.21808117370484,20.7216697383976,-31.4169522743935,GEO_BUL,GEO_PRA,UGeorgia,D1,SEC,20210505-UGeorgia-1,175df754-ade5-11eb-aeb9-181deafaf045,
13,5/5/2021,5:02:09 PM,3,5,"Wagner, Luke A.",691022,Left,GEO_BUL,"Watkins, Lane",1000051388,Left,GEO_PRA,Stretch,1,Top,1,2,2,Fastball,Undefined,BallCalled,Undefined,Undefined,Undefined,0,0,,88.7488280167739,-3.17908498022317,5.0435367948671,2274.21114555981,139.596796581158,10:45,5.6477355636272,-1.81469343903482,5.63515329267155,-17.6438215279924,18.4290977920553,-15.7150369559385,1.19730337890886,1.59264421218048,80.9012350220295,-6.47081307403621,2.10914070689337,0.432277034614256,,,,,,,,,,,,9.82567602993642,10.7520219922956,1.39543093052873,50.0000000000001,5.36535800119716,-10.8072528097505,-128.445676893443,-7.7554500705486,16.3933723762792,26.9319673374834,-14.2351403550387,GEO_BUL,GEO_PRA,UGeorgia,D1,SEC,20210505-UGeorgia-1,285e7c39-ade5-11eb-aeb9-181deafaf045,
14,5/5/2021,5:02:27 PM,3,6,"Wagner, Luke A.",691022,Left,GEO_BUL,"Watkins, Lane",1000051388,Left,GEO_PRA,Stretch,1,Top,1,3,2,Fastball,Undefined,StrikeSwinging,Strikeout,Undefined,Undefined,0,0,,87.6242531876579,-1.3216044680691,2.9047738228746,2181.05068558872,158.570184726045,11:15,5.7433853420402,-1.83338165453428,5.30116010167922,-15.1649471606752,22.098258107589,-8.68723223335464,3.23729445778069,0.171597584815465,79.6624994653416,-4.14443843115213,1.28634950184888,0.439351003598072,,,,,,,,,,,,5.42648023273296,12.0595509786404,1.57585636520299,50,5.61248712298616,-6.15031749676102,-127.222556455533,-3.47150337891845,8.86507608993094,26.8870926463341,-12.4727260691272,GEO_BUL,GEO_PRA,UGeorgia,D1,SEC,20210505-UGeorgia-1,32e8c348-ade5-11eb-aeb9-181deafaf045,
15,5/5/2021,5:02:54 PM,4,1,"Wagner, Luke A.",691022,Left,GEO_BUL,"Meadows, Mason",10000431,Right,GEO_PRA,Stretch,1,Top,2,0,0,Fastball,Undefined,BallCalled,Undefined,Undefined,Undefined,0,0,,87.6287829194498,-1.34467714948917,0.62010318034932,2243.26198669149,172.757592815478,11:45,5.65375104235448,-2.12124253915882,5.42308885926949,-16.5716102528127,20.6021111131242,-2.62258694693911,3.01315379204198,-1.75902621626824,79.3836418867282,-4.44271460902564,0.128475787433747,0.438823157522179,,,,,,,,,,,,1.5818153549481,11.3580689948897,2.06809441241851,50,5.52331125390655,-1.28836516999558,-127.3580752029,-3.55879921294715,2.57570186812018,28.2575798991167,-13.6794755730148,GEO_BUL,GEO_PRA,UGeorgia,D1,SEC,20210505-UGeorgia-1,3e76dcf6-ade5-11eb-aeb9-181deafaf045,
16,5/5/2021,5:03:08 PM,4,2,"Wagner, Luke A.",691022,Left,GEO_BUL,"Meadows, Mason",10000431,Right,GEO_PRA,Stretch,1,Top,2,1,0,Fastball,Undefined,BallCalled,Undefined,Undefined,Undefined,0,0,,88.9434040192184,-3.14883755255272,3.73204315859043,2274.92260617027,132.597199816068,10:30,5.73026240076534,-1.86926850758304,5.47201881095828,-17.4264220277505,18.7996500112489,-20.4835155572294,1.32254498649776,-0.07931404690952,80.6392476485299,-6.40034676254379,-0.10444441312147,0.43319370954877,,,,,,,,,,,,12.0274356307623,10.9571555841132,1.55510524258059,50,5.44146632195109,-7.69886751222033,-128.861451602143,-7.70525973665672,20.0660693804369,28.7252727955263,-13.8935895364953,GEO_BUL,GEO_PRA,UGeorgia,D1,SEC,20210505-UGeorgia-1,464b7f6d-ade5-11eb-aeb9-181deafaf045,
17,5/5/2021,5:03:22 PM,4,3,"Wagner, Luke A.",691022,Left,GEO_BUL,"Meadows, Mason",10000431,Right,GEO_PRA,Stretch,1,Top,2,2,0,Fastball,Undefined,StrikeCalled,Undefined,Undefined,Undefined,0,0,,87.3539601126552,-2.33096893767401,3.04311682453164,2163.18938064902,146.860161727325,11:00,5.52529068328007,-1.80365569015811,5.58533672392015,-20.2732540954815,16.9277482242955,-11.0746757501461,1.65516470093563,0.117469131027596,79.4844364556741,-6.11650021810753,0.967239871175952,0.438984149188659,,,,,,,,,,,,6.80834557942739,9.72659144501125,1.54958165501878,50,5.31194754615692,-6.37043893246242,-126.783263074045,-5.84477534692702,11.0236002569408,27.1891411520749,-16.4254272942585,GEO_BUL,GEO_PRA,UGeorgia,D1,SEC,20210505-UGeorgia-1,53bb1668-ade5-11eb-aeb9-181deafaf045,
18,5/5/2021,5:03:43 PM,4,4,"Wagner, Luke A.",691022,Left,GEO_BUL,"Meadows, Mason",10000431,Right,GEO_PRA,Stretch,1,Top,2,2,1,ChangeUp,Undefined,StrikeSwinging,Undefined,Undefined,Undefined,0,0,,82.2227198528567,-1.28614651511119,1.95988224894559,1533.97007906939,140.588002051108,10:45,5.61061259882535,-1.92691343916235,5.54228076481584,-22.1611781691432,19.9702101032848,-16.4432724227234,2.56110857228939,-1.4650685612033,74.4745487303246,-5.4363874157295,-1.13084239735028,0.467169416014199,,,,,,,,,,,,9.38393557261249,11.0601368677849,1.76802137599807,50,5.48482643543299,-3.56880934720007,-119.451058738926,-3.3825688761361,13.4196165655338,25.2062082611336,-16.3573589831157,GEO_BUL,GEO_PRA,UGeorgia,D1,SEC,20210505-UGeorgia-1,60601195-ade5-11eb-aeb9-181deafaf045,
19,5/5/2021,5:04:00 PM,4,5,"Wagner, Luke A.",691022,Left,GEO_BUL,"Meadows, Mason",10000431,Right,GEO_PRA,Stretch,1,Top,2,2,2,Fastball,Undefined,FoulBall,Undefined,Undefined,Undefined,0,0,,88.2557646092254,-2.23719957446443,3.19121087136117,2205.09370927961,143.447942162471,10:45,5.60781397994007,-1.85284721059446,5.44178134064501,-19.3686313863053,17.2534545771306,-12.8166881369537,1.89497673406152,0.0697984891996878,80.3105901118765,-5.84522370565019,0.796151025937423,0.435555053735729,,,,,,,,,,,,7.73679447906423,9.81754490361041,1.57960374176671,50,5.39679512801378,-6.69725678630477,-128.061216993408,-5.67977228376119,12.7932161203593,27.4992369594659,-15.9401969188966,GEO_BUL,GEO_PRA,UGeorgia,D1,SEC,20210505-UGeorgia-1,6a542da5-ade5-11eb-aeb9-181deafaf045,
20,5/5/2021,5:04:24 PM,4,6,"Wagner, Luke A.",691022,Left,GEO_BUL,"Meadows, Mason",10000431,Right,GEO_PRA,Stretch,1,Top,2,2,2,Slider,Undefined,BallCalled,Undefined,Undefined,Undefined,0,0,,73.9030926878574,0.441990794043629,2.51590831330366,2439.05431424235,289.466204133346,3:45,5.56591491890578,-1.98913478488193,5.1128942081805,-55.4199223228303,-2.21828268139143,6.13447786601178,1.36432665877709,0.893429715386453,67.478094087299,-9.79873875268783,3.65908414329021,0.524969445260267,,,,,,,,,,,,-2.43079673381554,-1.30798078475344,1.74785263681434,50,5.56564389377078,-4.89745794806613,-107.240237172474,-0.846988098715127,-2.79268092777496,20.8740083265397,-33.67675462011,GEO_BUL,GEO_PRA,UGeorgia,D1,SEC,20210505-UGeorgia-1,7426eb7f-ade5-11eb-aeb9-181deafaf045,
21,5/5/2021,5:04:51 PM,4,7,"Wagner, Luke A.",691022,Left,GEO_BUL,"Meadows, Mason",10000431,Right,GEO_PRA,Stretch,1,Top,2,3,2,Slider,Undefined,StrikeCalled,Strikeout,Undefined,Undefined,0,0,,74.2955263402064,0.906880107904444,-0.330206138748081,2341.28706395728,270.652925519725,3:00,5.48639650589363,-2.05515956600134,4.98934270658011,-53.3748883987847,-0.248335365952321,17.4079629021308,1.89475673790755,-0.916245733493844,67.2363432800249,-8.99472876103338,2.92483634844659,0.524598854300532,,,,,,,,,,,,-9.25072559616656,-0.435856295215879,2.07329156965906,50,5.53184764224437,0.0855049593735297,-107.819808446854,0.0636530553083635,-10.6707514084712,22.2599887478913,-32.6768106508972,GEO_BUL,GEO_PRA,UGeorgia,D1,SEC,20210505-UGeorgia-1,860c44b3-ade5-11eb-aeb9-181deafaf045,
22,5/5/2021,5:07:50 PM,1,1,"Goldstein, Charlie",1000051331,Left,GEO_PRA,"Jernigan, Randon",1000053962,Right,GEO_BUL,Windup,1,Bottom,0,0,0,Fastball,Undefined,BallCalled,Undefined,Undefined,Undefined,0,0,,87.1894145773435,-3.36242293710878,1.46146815926506,2295.55946373595,156.422179347221,11:15,6.05839855292044,-0.869734754498319,4.85112609206637,-17.0826063624218,21.7726914777772,-9.51816361957082,1.44759133000733,-0.27932319669822,78.3323217650013,-6.52449023724185,-0.313152484865613,0.448638602900046,,,,,,,,,,,,5.45363294441607,12.4829142370325,0.733447036403457,50,5.7124806012551,-2.87114917719257,-126.279993357379,-8.05100422081555,8.64775812324737,30.03424123386,-12.380046265604,GEO_BUL,GEO_PRA,UGeorgia,D1,SEC,20210505-UGeorgia-1,f16c6358-ade5-11eb-aeb9-181deafaf045,
23,5/5/2021,5:08:03 PM,1,2,"Goldstein, Charlie",1000051331,Left,GEO_PRA,"Jernigan, Randon",1000053962,Right,GEO_BUL,Windup,1,Bottom,0,1,0,ChangeUp,Undefined,StrikeSwinging,Undefined,Undefined,Undefined,0,0,,79.4259310523265,-1.48314798620506,0.76574971862889,1675.19346167873,171.900896830729,11:45,6.11341208666686,-0.738519640589498,4.90286485368276,-25.5744569771166,20.807944465717,-2.96728264680573,2.57929609409359,-0.261653077012768,71.7550409463106,-6.22127363470075,0.213250728085635,0.490171586977856,,,,,,,,,,,,1.79328243702863,11.3430084350272,0.666128110709671,50,5.94782153528149,-1.44133948709545,-115.277094518772,-3.84180366669481,2.38065923361612,24.1175196553945,-17.1157190873832,GEO_BUL,GEO_PRA,UGeorgia,D1,SEC,20210505-UGeorgia-1,fa5f0f41-ade5-11eb-aeb9-181deafaf045,
24,5/5/2021,5:08:18 PM,1,3,"Goldstein, Charlie",1000051331,Left,GEO_PRA,"Jernigan, Randon",1000053962,Right,GEO_BUL,Windup,1,Bottom,0,1,1,Fastball,Undefined,FoulBall,Undefined,Undefined,Undefined,0,0,,88.1592500344589,-3.36447393541122,0.855837051431951,2262.77767784161,160.6614911126,11:15,6.54875984930719,-0.706712246345954,4.85414278482243,-8.96953911656473,29.3038710724244,-10.2968147410708,2.61295203961986,-0.754708060664555,78.3925578691487,-5.03468780152619,-1.07239958328836,0.445266578388708,,,,,,,,,,,,5.6931579627646,16.5335311603708,0.63076313856359,49.9999999999999,6.2095927783523,-1.52582425303805,-127.625748886679,-7.83540801584403,9.14405355876563,32.6790564886689,-5.61875263196314,GEO_BUL,GEO_PRA,UGeorgia,D1,SEC,20210505-UGeorgia-1,0351bc94-ade6-11eb-aeb9-181deafaf045,
25,5/5/2021,5:08:40 PM,1,4,"Goldstein, Charlie",1000051331,Left,GEO_PRA,"Jernigan, Randon",1000053962,Right,GEO_BUL,Windup,1,Bottom,0,1,2,Curveball,Undefined,BallCalled,Undefined,Undefined,Undefined,0,0,,74.7018543176942,2.52970156607954,-1.32868001288963,2445.35197869745,290.496192777447,3:45,6.14063883997813,-0.913187887727471,4.42918197893313,-59.0487310638094,-5.75886633016747,15.2718708815836,3.63514291849459,-0.90815072669564,67.9700180045519,-8.28978921508445,1.48542581181367,0.525404547378475,,,,,,,,,,,,-8.24661082251506,-3.72998089882946,1.03963123451212,49.9999999999999,6.35344438428962,1.99729894399409,-108.279091421382,2.79722264946613,-9.69776812641074,20.5782624115201,-36.5603947356427,GEO_BUL,GEO_PRA,UGeorgia,D1,SEC,20210505-UGeorgia-1,0c446aef-ade6-11eb-aeb9-181deafaf045,
26,5/5/2021,5:08:54 PM,1,5,"Goldstein, Charlie",1000051331,Left,GEO_PRA,"Jernigan, Randon",1000053962,Right,GEO_BUL,Windup,1,Bottom,0,2,2,ChangeUp,Undefined,FoulBall,Undefined,Undefined,Undefined,0,0,,80.503729709185,-1.4939647243673,1.94134258502405,1700.08807238709,146.795071775505,11:00,6.2537169674825,-0.780833871284168,4.90347210161519,-28.413677690162,16.7129337688812,-10.9664606879131,2.47209362035708,0.14172051153655,72.8804636786645,-6.75051076831435,-0.0983800032259933,0.483490427718102,68.6748898558293,-31.8865438889147,-136.392877981099,,,,,3.12661918829338,1.93967826460342,-112.029121892951,0.0470306396484375,6.33473026785985,9.1965776870991,0.600061077747067,50,6.084691260358,-3.5863129670538,-116.799508499386,-4.01358920966722,8.64703306820059,24.4350208559701,-19.6205367237178,GEO_BUL,GEO_PRA,UGeorgia,D1,SEC,20210505-UGeorgia-1,14ce36a0-ade6-11eb-aeb9-181deafaf045,
27,5/5/2021,5:09:13 PM,1,6,"Goldstein, Charlie",1000051331,Left,GEO_PRA,"Jernigan, Randon",1000053962,Right,GEO_BUL,Windup,1,Bottom,0,2,2,Fastball,Undefined,StrikeSwinging,Strikeout,Undefined,Undefined,0,0,,87.7180405058755,-1.38099734624257,0.774223980213863,2207.78827404873,178.601837351601,12:00,6.14764778817092,-0.765679879636695,4.88561358279422,-16.2729118243579,21.6982703380554,-0.530469451336309,3.48490525242906,-0.077497669162961,79.1908931800444,-4.39824045229152,0.675603318644144,0.443505058360005,,,,,,,,,,,,0.51721403040332,11.7531072817639,0.690259031483536,50,5.99905272058693,-1.70106826957718,-127.337362406919,-3.6748784876935,0.839724392052796,28.8778200529945,-13.0922559391373,GEO_BUL,GEO_PRA,UGeorgia,D1,SEC,20210505-UGeorgia-1,24f36fe7-ade6-11eb-aeb9-181deafaf045,
28,5/5/2021,5:09:44 PM,2,1,"Goldstein, Charlie",1000051331,Left,GEO_PRA,"Spikes, Garrett",1000096937,Left,GEO_BUL,Windup,1,Bottom,1,0,0,Curveball,Undefined,StrikeCalled,Undefined,Undefined,Undefined,0,0,,73.2406242597908,2.74210290669732,-1.15765100843364,2359.0002256333,291.229740727447,3:45,6.00659696470359,-0.740641545696303,4.50915157903987,-63.5851219954237,-7.9761814546748,20.3976148146604,3.32215599180321,-0.143626230300116,66.3880970790374,-8.94657863419055,2.61743663264354,0.536715118419549,,,,,,,,,,,,-10.8952288105658,-5.00387942486216,0.843078567860628,50.0000000000001,6.23555361373655,1.48156317094498,-106.104168232229,3.01759025478867,-12.2229139530326,20.8498660224671,-37.78769731084,GEO_BUL,GEO_PRA,UGeorgia,D1,SEC,20210505-UGeorgia-1,3799dd4f-ade6-11eb-aeb9-181deafaf045,
29,5/5/2021,5:09:56 PM,2,2,"Goldstein, Charlie",1000051331,Left,GEO_PRA,"Spikes, Garrett",1000096937,Left,GEO_BUL,Windup,1,Bottom,1,0,1,ChangeUp,Undefined,BallCalled,Undefined,Undefined,Undefined,0,0,,79.5272507881231,-2.77061616362007,1.17488727340168,1764.15598632843,136.89301588109,10:30,6.08388868901558,-0.664639546088642,4.80693532169529,-30.8982448477128,15.8249879829496,-14.8534997517352,0.881886860532168,-0.789328429958757,71.8318315258859,-8.46555949877331,-1.59236778688486,0.491969252336017,,,,,,,,,,,,8.13337408259422,9.16859917548748,0.560250881049466,49.9999999999999,5.78270883540854,-1.8611393418091,-115.249550908227,-6.62378632663691,10.7415809186608,25.0297929149169,-20.0652670158115,GEO_BUL,GEO_PRA,UGeorgia,D1,SEC,20210505-UGeorgia-1,3e84e8d1-ade6-11eb-aeb9-181deafaf045,
30,5/5/2021,5:10:09 PM,2,3,"Goldstein, Charlie",1000051331,Left,GEO_PRA,"Spikes, Garrett",1000096937,Left,GEO_BUL,Windup,1,Bottom,1,1,1,ChangeUp,Undefined,FoulBall,Undefined,Undefined,Undefined,0,0,,80.5753482863995,-0.934534264557544,2.02691284896963,1783.75605033874,147.863085999799,11:00,6.15496743185941,-0.575016923139021,4.76069461230118,-28.9159682636143,16.4708628922162,-10.3737537763603,2.85865061090299,0.482994665656544,72.6907357370845,-6.28365812050971,0.0998873415828906,0.484882432073264,70.6475678973499,-18.7386963657649,173.529324066822,,,,,6.9479256311667,1.0938578612808,176.26960809355,0.0845526123046875,6.04371073312766,8.86504285063699,0.38071391476051,49.9999999999999,6.03685798558066,-3.77686569441336,-116.867133537545,-2.90875082138842,8.2380693927414,24.9856789860708,-20.0902739685988,GEO_BUL,GEO_PRA,UGeorgia,D1,SEC,20210505-UGeorgia-1,466314fb-ade6-11eb-aeb9-181deafaf045,
31,5/5/2021,5:10:27 PM,2,4,"Goldstein, Charlie",1000051331,Left,GEO_PRA,"Spikes, Garrett",1000096937,Left,GEO_BUL,Windup,1,Bottom,1,1,2,Fastball,Undefined,InPlay,Undefined,GroundBall,Out,1,0,,88.6211594066466,-2.79873131150281,2.09620047560368,2209.85667400465,145.206334851722,10:45,6.12594266657667,-0.542521423932493,4.79498346860397,-13.2010513647908,24.4208198476452,-16.9934869861927,2.3702019765594,0.0283664927612494,79.5791468282384,-5.24450807029978,-1.06595464394931,0.441460361473682,80.556901715227,-0.0635624036660714,9.88700868034261,1680.38900384601,,,,43.1120283233348,40.1791276492869,13.2859807994661,0.367885131835938,9.53616475377421,13.6354176553274,0.347946112573994,50,5.83589777477484,-4.05673459466882,-128.381447789708,-6.77919149865877,15.6544073077382,30.6447374419435,-9.79037678700777,GEO_BUL,GEO_PRA,UGeorgia,D1,SEC,20210505-UGeorgia-1,5139a35d-ade6-11eb-aeb9-181deafaf045,
32,5/5/2021,5:11:00 PM,3,1,"Goldstein, Charlie",1000051331,Left,GEO_PRA,"Stinson, Joshua",1000083902,Right,GEO_BUL,Windup,1,Bottom,2,0,0,Curveball,Undefined,BallCalled,Undefined,Undefined,Undefined,0,0,,75.4393757451328,-0.388256112001481,1.07930424531587,2381.03847900331,258.167285754236,2:30,6.07117987285979,-0.69999109775162,4.55307455465978,-49.2573682797866,3.32061979420124,16.0856551301912,1.59682061413724,1.66778665074456,68.1477311515945,-9.4422902796289,4.06535860395075,0.521883420482786,,,,,,,,,,,,-7.95084739958267,1.85352005578107,0.573594814978783,49.9999999999999,5.98684075623212,-2.59223895287696,-109.350822568566,-2.37056112057386,-9.40019326230322,23.5196505987226,-29.9826536189787,GEO_BUL,GEO_PRA,UGeorgia,D1,SEC,20210505-UGeorgia-1,64b8f9a3-ade6-11eb-aeb9-181deafaf045,
33,5/5/2021,5:11:14 PM,3,2,"Goldstein, Charlie",1000051331,Left,GEO_PRA,"Stinson, Joshua",1000083902,Right,GEO_BUL,Windup,1,Bottom,2,1,0,Curveball,Undefined,BallCalled,Undefined,Undefined,Undefined,0,0,,73.9762777358962,1.18423610364716,0.371595981334021,2321.08494442599,275.761602841902,3:15,6.08529174497418,-0.867851786414008,4.61673442468754,-55.6478371947083,-1.89798301655932,18.3098065179758,2.57388991886653,1.01120923008884,67.7721749567183,-9.00120741676997,3.7486343156149,0.527667278285609,,,,,,,,,,,,-9.34591958952327,-1.33557198388888,0.813427349469514,50,6.15741934399948,-1.29378127974194,-107.387804911994,0.404605721187558,-10.8308845865386,19.9141334455234,-33.7218284058024,GEO_BUL,GEO_PRA,UGeorgia,D1,SEC,20210505-UGeorgia-1,6d23c8a9-ade6-11eb-aeb9-181deafaf045,
34,5/5/2021,5:11:27 PM,3,3,"Goldstein, Charlie",1000051331,Left,GEO_PRA,"Stinson, Joshua",1000083902,Right,GEO_BUL,Windup,1,Bottom,2,2,0,ChangeUp,Undefined,InPlay,Undefined,GroundBall,Out,1,0,,79.3705369268483,-1.38131243957482,0.455613239848612,1718.42804919277,120.856230935398,10:00,6.01118187033418,-0.750354659756083,5.16117930102537,-34.1873100602345,11.4088002838733,-19.1675613883882,1.86199752673557,-1.91886620812905,72.7084336659698,-7.68943492181155,-3.11034457560735,0.485999045544759,,,,,,,,,,,,10.2154850857429,6.40290822097945,0.722262859755751,50,5.85687286924728,-0.294130047258904,-115.344277479546,-3.89276366965084,13.702736018738,22.3213796074686,-23.5853853291953,GEO_BUL,GEO_PRA,UGeorgia,D1,SEC,20210505-UGeorgia-1,749dd87c-ade6-11eb-aeb9-181deafaf045,
35,5/5/2021,5:14:03 PM,1,1,"DeJong, Max",1000048094,Right,GEO_BUL,"Floyd, Buddy",1000050725,Undefined,GEO_PRA,Windup,2,Top,0,0,0,Fastball,Undefined,StrikeSwinging,Undefined,Undefined,Undefined,0,0,,90.6579966722835,-3.62128034076199,-2.62799594462486,2465.92508186116,198.188438624472,12:30,6.0148460632091,1.19036748274469,6.37139167666806,-8.2886198145852,25.4349989432577,8.36733323855221,1.98468622465075,-0.531741358186956,81.9405915486275,-5.19728153971098,-1.03219876215382,0.41796373730613,,,,,,,,,,,,-5.42060000289623,15.1223067921097,-1.00482315114617,50,5.74950119063997,5.79071540254401,-131.595988931177,-8.58426853265705,-9.39883740140541,30.8495635904874,-5.95331605499775,GEO_BUL,GEO_PRA,UGeorgia,D1,SEC,20210505-UGeorgia-1,d062fb82-ade6-11eb-aeb9-181deafaf045,
36,5/5/2021,5:14:17 PM,1,2,"DeJong, Max",1000048094,Right,GEO_BUL,"Floyd, Buddy",1000050725,Undefined,GEO_PRA,Windup,2,Top,0,0,1,Fastball,Undefined,BallCalled,Undefined,Undefined,Undefined,0,0,,90.7429307551717,-4.11487420237357,-2.12672521294964,2458.38258472582,202.635422883038,12:45,6.0604522788773,0.776355539673819,6.46689299606176,-8.756733100379,24.7650083290277,10.3397889743314,1.5428839465718,-0.31588130211545,82.1479662196843,-5.77914233683759,-0.151030730619425,0.416710845997468,,,,,,,,,,,,-6.3629972350735,14.9410083175669,-0.631248011467312,50,5.76628549750697,4.58875980611151,-131.719381837926,-9.73901608062516,-11.063364776149,30.6788554338917,-6.19606694902375,GEO_BUL,GEO_PRA,UGeorgia,D1,SEC,20210505-UGeorgia-1,d9e70f89-ade6-11eb-aeb9-181deafaf045,
37,5/5/2021,5:14:32 PM,1,3,"DeJong, Max",1000048094,Right,GEO_BUL,"Floyd, Buddy",1000050725,Undefined,GEO_PRA,Windup,2,Top,0,1,1,Fastball,Undefined,BallCalled,Undefined,Undefined,Undefined,0,0,,90.3583714640183,-1.38829230356935,-2.04258369310555,2375.01803649193,221.623904202123,1:30,5.98734151944114,1.14329743662762,6.30771037007617,-10.9650538116762,22.9446494758444,20.4166684429496,3.79378676751299,0.962493526351447,81.6251178596731,-3.47515908379436,1.8507807508818,0.419115298021133,,,,,,,,,,,,-11.8484879817911,13.0321124569035,-1.00360239651585,50,5.88045667971872,4.07159774066206,-131.419462717029,-3.51752263326686,-20.4751846093121,30.9417552262002,-9.65346121950671,GEO_BUL,GEO_PRA,UGeorgia,D1,SEC,20210505-UGeorgia-1,e2e0e374-ade6-11eb-aeb9-181deafaf045,
38,5/5/2021,5:14:45 PM,1,4,"DeJong, Max",1000048094,Right,GEO_BUL,"Floyd, Buddy",1000050725,Undefined,GEO_PRA,Windup,2,Top,0,2,1,Curveball,Undefined,BallCalled,Undefined,Undefined,Undefined,0,0,,72.6328906607608,0.205117027221998,0.793486089792232,2388.02943903176,39.7060986463193,7:15,6.04716232947156,0.923767810820949,5.79991114526699,-67.1269189834712,-12.891075383592,-10.6623500270628,0.644019876774327,0.773187337502049,66.0038071183878,-12.3885962710717,-1.23835961698677,0.530047411785141,,,,,,,,,,,,6.05727119160101,-7.05173403952218,-0.982632965075099,50,6.02487284482522,-1.18102161596536,-105.514928045196,-1.38717172241574,6.63840913153166,22.616772170306,-39.9023298501599,GEO_BUL,GEO_PRA,UGeorgia,D1,SEC,20210505-UGeorgia-1,ead6e5fc-ade6-11eb-aeb9-181deafaf045,
39,5/5/2021,5:15:04 PM,1,5,"DeJong, Max",1000048094,Right,GEO_BUL,"Floyd, Buddy",1000050725,Undefined,GEO_PRA,Windup,2,Top,0,3,1,Curveball,Undefined,FoulBall,Undefined,Undefined,Undefined,0,0,,72.6977579525341,0.61197741501155,1.01416290599249,2207.92868295499,41.1918880730487,7:15,5.97961807160851,0.533561733688591,5.87911004644065,-66.0254144752451,-12.1599046289379,-10.5978269289342,1.04587264417354,0.592225671999489,66.0676783805416,-11.8020754232848,-1.00579442041804,0.528234674410774,,,,,,,,,,,,6.10735440491164,-6.81279306846852,-0.609341318016907,50,5.99159951646687,-1.59434228312802,-105.631048548883,-0.58838035276486,6.72436884589593,22.2711635009404,-39.6751251971282,GEO_BUL,GEO_PRA,UGeorgia,D1,SEC,20210505-UGeorgia-1,f4e9ffda-ade6-11eb-aeb9-181deafaf045,
40,5/5/2021,5:15:19 PM,1,6,"DeJong, Max",1000048094,Right,GEO_BUL,"Floyd, Buddy",1000050725,Undefined,GEO_PRA,Windup,2,Top,0,3,2,Fastball,Undefined,FoulBall,Undefined,Undefined,Undefined,0,0,,88.7760240550452,-3.3259079574335,-1.09128036557048,2372.93125887398,157.847108750752,11:15,6.10169129483448,0.743687688935922,6.70034949177058,-9.58565559926834,25.2827220209952,-10.3067939021897,2.25825881976903,-1.11301729847415,79.8978546131655,-5.15692873778325,-3.07559521464455,0.424998491640226,,,,,,,,,,,,5.38568647381424,15.2128046518416,-0.667242404975205,50,5.87711021255076,2.73691961567591,-129.035708918025,-7.7594898478417,8.90884015301424,31.5786335194871,-7.00948586210321,GEO_BUL,GEO_PRA,UGeorgia,D1,SEC,20210505-UGeorgia-1,fbcde326-ade6-11eb-aeb9-181deafaf045,
41,5/5/2021,5:15:42 PM,1,7,"DeJong, Max",1000048094,Right,GEO_BUL,"Floyd, Buddy",1000050725,Undefined,GEO_PRA,Windup,2,Top,0,3,2,Fastball,Undefined,BallCalled,Walk,Undefined,Undefined,0,0,,89.8690023442554,-3.14304449831056,-2.84091872195111,2370.14959495019,196.243926873062,12:30,5.99538072300629,0.811377264194208,6.53057031761448,-14.1265036718632,19.7162982988018,5.75378052976632,1.92893666444336,-1.31695918067664,81.9879595347618,-5.82167516788961,-1.7452566714084,0.418701652276904,,,,,,,,,,,,-3.99604964945582,11.7970238601834,-0.616970175495582,50.0000000000001,5.7710553444258,6.31467931399979,-130.588899724751,-7.58641763375495,-6.87742474639814,28.360379607363,-11.8707112740913,GEO_BUL,GEO_PRA,UGeorgia,D1,SEC,20210505-UGeorgia-1,06cf5918-ade7-11eb-aeb9-181deafaf045,
42,5/5/2021,5:16:06 PM,2,1,"DeJong, Max",1000048094,Right,GEO_BUL,"Guidry, Kameron",1000013093,Right,GEO_PRA,Stretch,2,Top,0,0,0,Fastball,Undefined,StrikeSwinging,Undefined,Undefined,Undefined,0,0,,91.0346088534673,-3.81798204411733,-1.771390909762,2463.73601683761,182.358564705635,12:00,6.08523102542248,1.01808617431894,6.40214687469586,-8.20579968641835,25.3650745627168,1.04603642921467,1.88413102820849,-0.523947186507833,81.8646286928236,-5.38008021246748,-1.57110593621038,0.417016120742217,,,,,,,,,,,,-1.16032888366312,15.2523207793435,-0.891871578469659,50,5.8079643263712,4.05583562313625,-132.145604590958,-9.06584438555193,-2.01579295467266,32.7641880534824,-5.67680178244215,GEO_BUL,GEO_PRA,UGeorgia,D1,SEC,20210505-UGeorgia-1,18b4b340-ade7-11eb-aeb9-181deafaf045,
43,5/5/2021,5:16:25 PM,2,2,"DeJong, Max",1000048094,Right,GEO_BUL,"Guidry, Kameron",1000013093,Right,GEO_PRA,Stretch,2,Top,0,0,0,Fastball,Undefined,StrikeCalled,Undefined,Undefined,Undefined,0,0,,90.9049682108895,-3.34124809897555,-2.27331254788257,2397.47732930513,202.469859926051,12:45,6.24236727862681,0.913476348292839,6.33912573428326,-7.35324467131721,26.4150521724621,10.9383284708774,2.54793493755132,-0.268765300105816,81.5646172252483,-4.74503871543733,-0.179639975309445,0.418240511265188,,,,,,,,,,,,-6.77783522824763,15.6551727572159,-0.753487369629951,50,5.99587690373268,4.91132870339649,-131.961519470574,-7.93022125076523,-11.729700068726,32.9436683895529,-5.08125642112957,GEO_BUL,GEO_PRA,UGeorgia,D1,SEC,20210505-UGeorgia-1,264a6dad-ade7-11eb-aeb9-181deafaf045,
44,5/5/2021,5:16:41 PM,2,3,"DeJong, Max",1000048094,Right,GEO_BUL,"Guidry, Kameron",1000013093,Right,GEO_PRA,Stretch,2,Top,0,0,1,Fastball,Undefined,InPlay,Undefined,Popup,Out,1,0,,89.4045385431362,-0.685888143316219,-2.39264793421449,2294.57959261385,205.821778519994,12:45,5.93923602078912,1.00327077791799,6.45199675437129,-20.4909212784059,14.1745704786489,6.87467479595283,3.6010445732297,-0.622927599864654,80.3141570040048,-4.60917635605935,-1.07425119042982,0.423760235269485,,,,,,,,,,,,-4.60022556169021,8.06594475651238,-0.837250287040822,49.9999999999999,5.88160491997135,5.2343466289516,-130.007022690417,-2.14746853025146,-7.72260976796378,32.1182426275342,-18.6333769243177,GEO_BUL,GEO_PRA,UGeorgia,D1,SEC,20210505-UGeorgia-1,3024514f-ade7-11eb-aeb9-181deafaf045,
45,5/5/2021,5:17:29 PM,3,1,"DeJong, Max",1000048094,Right,GEO_BUL,"Watkins, Lane",1000051388,Left,GEO_PRA,Stretch,2,Top,1,0,0,Fastball,Undefined,FoulBall,Undefined,Undefined,Undefined,0,0,,90.2151545377621,-3.29972506514507,0.111201671711258,2458.6816706874,141.858077935877,10:45,6.0474375064915,0.775123031403225,6.50017205102082,-9.74186575942719,24.001830899275,-18.8731287711692,2.20401031705199,-0.695584790083583,81.9170739536381,-5.14286978219888,-3.49358210733361,0.41808813952196,,,,,,,,,,,,10.4634753403327,14.2751610850279,-0.774581582284158,50,5.81261591773411,0.292026831104326,-131.176365293553,-7.8451161551444,18.0539673797324,30.2734122332375,-7.54329403301766,GEO_BUL,GEO_PRA,UGeorgia,D1,SEC,20210505-UGeorgia-1,4c85a581-ade7-11eb-aeb9-181deafaf045,
46,5/5/2021,5:18:13 PM,3,2,"DeJong, Max",1000048094,Right,GEO_BUL,"Watkins, Lane",1000051388,Left,GEO_PRA,Stretch,2,Top,1,0,1,ChangeUp,Undefined,BallCalled,Undefined,Undefined,Undefined,0,1,,80.8863592169214,-4.61559848890621,-0.568468074861293,1623.53913781894,115.789931475572,9:45,5.79276077556096,0.528342055455391,7.0602139545602,-25.8313342738018,14.7462907922834,-30.5968093134869,-0.559890034186165,-2.53755098201694,75.5951416518062,-9.42999890267496,-6.40488350539999,0.458474125543913,,,,,,,,,,,,17.0447725826912,9.47721693202065,-0.48391451447827,50,5.50644403711393,1.87448141198402,-117.63542822345,-10.0945662105902,24.0535547745325,20.8318370269549,-18.7998157540534,GEO_BUL,GEO_PRA,UGeorgia,D1,SEC,20210505-UGeorgia-1,6678d88f-ade7-11eb-aeb9-181deafaf045,
47,5/5/2021,5:18:56 PM,3,3,"DeJong, Max",1000048094,Right,GEO_BUL,"Watkins, Lane",1000051388,Left,GEO_PRA,Stretch,2,Top,1,1,1,ChangeUp,Undefined,StrikeSwinging,Undefined,Undefined,Undefined,0,0,,81.1480436453627,-3.69448602913205,-3.42876673039206,1556.46685762069,198.383569409548,12:30,6.27546706859276,1.12770362139826,6.84250361369028,-11.2522650556391,29.8803049988399,9.9431912379746,1.95859723112117,-1.17362002330178,73.8996135053587,-5.84350968045215,-1.5240796535321,0.461598555798536,,,,,,,,,,,,-6.55579723819681,17.7773114241784,-0.912362934610455,50,6.03474878285736,6.81949011926688,-117.835283163748,-7.89458603061599,-9.17584744374315,23.3372431126555,-7.29196455331994,GEO_BUL,GEO_PRA,UGeorgia,D1,SEC,20210505-UGeorgia-1,7b2224c7-ade7-11eb-aeb9-181deafaf045,
48,5/5/2021,5:19:11 PM,3,4,"DeJong, Max",1000048094,Right,GEO_BUL,"Watkins, Lane",1000051388,Left,GEO_PRA,Stretch,2,Top,1,1,2,Curveball,Undefined,StrikeCalled,Strikeout,Undefined,Undefined,0,0,,72.2825073198458,2.0703570696156,0.0574213143730335,2207.73676081971,315.370111648349,4:30,6.09042862846626,0.739769333326489,5.62652560490765,-61.1913595950906,-6.39560261766369,6.26264594067643,2.92358225808954,1.31522916660617,65.4817651490612,-9.41948516986568,1.24225886521313,0.532776405919768,,,,,,,,,,,,-3.34312226359898,-4.13009644026623,-0.748576611534803,50,6.22821536670966,-0.27508892822215,-104.971928461497,2.13482708448207,-3.65608471867095,21.0639591058513,-36.6907791128651,GEO_BUL,GEO_PRA,UGeorgia,D1,SEC,20210505-UGeorgia-1,8414d0c0-ade7-11eb-aeb9-181deafaf045,
49,5/5/2021,5:19:38 PM,4,1,"DeJong, Max",1000048094,Right,GEO_BUL,"Meadows, Mason",10000431,Right,GEO_PRA,Windup,2,Top,2,0,0,Fastball,Undefined,BallCalled,Undefined,Undefined,Undefined,0,0,,90.8089363852362,-0.674157806790351,-2.99704306448368,2508.34081996349,222.007951449062,1:30,6.10411599895129,1.00116532076943,6.4838316773867,-12.1428541225885,21.1772887744154,19.1016548707225,4.47245012278333,-0.160864408730284,82.0802123357163,-2.99395727777997,0.652512999335327,0.415455914446463,,,,,,,,,,,,-11.4716944817866,11.9040519563638,-0.79942525896236,50,6.05142836640397,6.35552227513401,-132.062956745893,-1.91129689345069,-20.0555318947536,30.7682991477737,-11.3626423542601,GEO_BUL,GEO_PRA,UGeorgia,D1,SEC,20210505-UGeorgia-1,93dab3da-ade7-11eb-aeb9-181deafaf045,
50,5/5/2021,5:19:51 PM,4,2,"DeJong, Max",1000048094,Right,GEO_BUL,"Meadows, Mason",10000431,Right,GEO_PRA,Windup,2,Top,2,1,0,Fastball,Undefined,StrikeSwinging,Undefined,Undefined,Undefined,0,0,,90.2208203813557,-3.60918768691502,-3.20264452530352,2328.93542220278,192.492812265057,12:30,6.36304511474685,0.752413269295126,6.50203490849631,-6.43167693497358,27.7933392699436,6.16510676282487,2.50536452219922,-1.67594198637339,80.7216445633404,-4.84228315610563,-2.01918852671403,0.421059382844058,,,,,,,,,,,,-4.5101841614532,16.6373115237058,-0.531461478683619,50,6.10775798528604,7.14516050546421,-130.846413994051,-8.45010693134307,-7.65071232088376,33.1526457325647,-3.95185635668108,GEO_BUL,GEO_PRA,UGeorgia,D1,SEC,20210505-UGeorgia-1,9c9db396-ade7-11eb-aeb9-181deafaf045,
51,5/5/2021,5:20:06 PM,4,3,"DeJong, Max",1000048094,Right,GEO_BUL,"Meadows, Mason",10000431,Right,GEO_PRA,Windup,2,Top,2,1,1,Fastball,Undefined,BallCalled,Undefined,Undefined,Undefined,0,0,,90.9079526660788,-1.34290347896552,-3.12538776032831,2459.0318803229,210.337714116846,1:00,6.10963214603765,1.05730426085736,6.29477854494454,-8.63101784987266,25.3222403923554,14.8381736330344,4.15107785759868,-0.588497365296198,81.002951180329,-2.99886439797687,-0.280700867709173,0.419384375720143,,,,,,,,,,,,-9.26086812793918,14.4084922466027,-0.834830160649482,50,6.00682134623319,6.76177259425612,-132.00350459278,-3.35848185430564,-15.9428263345121,34.4709426256625,-7.3694528688262,GEO_BUL,GEO_PRA,UGeorgia,D1,SEC,20210505-UGeorgia-1,a9fc9b24-ade7-11eb-aeb9-181deafaf045,
52,5/5/2021,5:20:20 PM,4,4,"DeJong, Max",1000048094,Right,GEO_BUL,"Meadows, Mason",10000431,Right,GEO_PRA,Windup,2,Top,2,2,1,Fastball,Undefined,InPlay,Undefined,LineDrive,Single,0,0,,87.8276536789375,-3.56605698825591,-0.511546185866158,2362.35601503307,164.898939501016,11:30,6.13237978288053,0.668617058218385,6.50999844496592,-10.4312453239778,25.2474771059487,-6.82184554618791,1.98669181526513,-0.369254579185163,79.5125790639016,-5.54780837628554,-1.81708319858269,0.429908632546832,103.875974594018,8.7730142409566,-30.7661303169109,2125.30375562928,92.1155450767332,9.35966179417948,-60.1222314459343,181.77133499009,181.77133499009,-35.4886682732376,1.45585693359375,3.61320154930842,15.0792192660031,-0.630022124666239,50,5.87923300209715,1.33126016126529,-127.65073538395,-8.24838894467079,5.89119736789386,29.1818479286599,-7.5879147254031,GEO_BUL,GEO_PRA,UGeorgia,D1,SEC,20210505-UGeorgia-1,b0d23245-ade7-11eb-aeb9-181deafaf045,
53,5/5/2021,5:23:01 PM,1,1,"Bearden, Hank",1000051127,Right,GEO_PRA,"Wagner, Luke A.",691022,Right,GEO_BUL,Windup,2,Bottom,0,0,0,Fastball,Undefined,InPlay,Undefined,FlyBall,Out,1,0,,90.3532086216718,-2.53856498096834,-4.0991447863532,2009.66946413348,215.51727792433,1:15,5.86276166189345,2.11127591201419,5.74303571052661,-13.1737870311063,21.6480226615859,15.4746044648818,2.39407777274767,-0.421762154401528,81.5527304292322,-5.01921741061623,-1.1852948597679,0.424714596708261,93.5939558235843,18.2394178531273,19.1983792137645,3083.2905320136,100.960130327665,29.3662968491919,43.6684562470535,285.476708776372,274.377705771689,29.9397871331611,3.20337951660154,-9.59332352820139,12.4319184349578,-1.77980550639813,50,5.64341578427834,8.86748280998371,-130.948923346965,-6.26075948433977,-16.4785356901336,30.427034779562,-10.819633579696,GEO_BUL,GEO_PRA,UGeorgia,D1,SEC,20210505-UGeorgia-1,133fa294-ade8-11eb-aeb9-181deafaf045,
54,5/5/2021,5:23:31 PM,2,1,"Bearden, Hank",1000051127,Right,GEO_PRA,"Marshall, Shane",1000013485,Right,GEO_BUL,Windup,2,Bottom,1,0,0,Undefined,Undefined,StrikeSwinging,Undefined,Undefined,Undefined,0,0,,79.6983385639782,0.57625252238396,-3.81041545159802,1441.81932235367,263.179481592106,2:45,4.89262365401536,2.82516159993081,6.19266666900499,-41.9700299658378,2.12005056880871,18.0718783368671,1.92825289168755,0.808584970020626,71.9938179212719,-7.3899551740464,-0.367480808959329,0.477905429305446,,,,,,,,,,,,-11.1383102179878,0.972011672171386,-2.54742776175905,50,4.91498726658446,7.2172236243053,-115.702424235651,0.0309952834293743,-14.8481694734567,24.9314631106136,-30.8782870130618,GEO_BUL,GEO_PRA,UGeorgia,D1,SEC,20210505-UGeorgia-1,23ffccca-ade8-11eb-aeb9-181deafaf045,
55,5/5/2021,5:23:45 PM,2,2,"Bearden, Hank",1000051127,Right,GEO_PRA,"Marshall, Shane",1000013485,Right,GEO_BUL,Windup,2,Bottom,1,0,1,Fastball,Undefined,StrikeCalled,Undefined,Undefined,Undefined,0,0,,89.8039206461936,-1.82035065572974,-3.69952354229117,1973.28508577514,226.673532142977,1:30,5.20204578144849,2.28201086988682,5.82024374085056,-22.6765834953403,12.3264699830176,13.1033233756333,1.61603898232852,-0.0698877976774223,81.4706663105773,-6.08139436725836,-1.23078534927156,0.425818459168839,,,,,,,,,,,,-8.18419870814012,7.19686342513369,-1.98720553607105,50,5.03972011646887,7.99535578463273,-130.315166429495,-4.89559896242014,-13.9546874220793,29.5458301649249,-19.9028436286656,GEO_BUL,GEO_PRA,UGeorgia,D1,SEC,20210505-UGeorgia-1,2c5eb244-ade8-11eb-aeb9-181deafaf045,
56,5/5/2021,5:24:00 PM,2,3,"Bearden, Hank",1000051127,Right,GEO_PRA,"Marshall, Shane",1000013485,Right,GEO_BUL,Windup,2,Bottom,1,0,2,ChangeUp,Undefined,FoulBall,Undefined,Undefined,Undefined,0,0,,81.0045103841639,-0.00573203978076613,-3.65399045467327,1457.99109024132,247.833701927548,2:15,4.82951750135187,2.82486004618536,6.1490828977368,-39.2259787427678,2.83624944238406,7.05879215916375,1.55537958031398,0.0327524353389834,74.4714170331689,-7.37296255423018,-2.32346225940508,0.466785821394173,70.1097030574189,-3.54852913976691,-170.065852425721,,,,,14.4231391335685,0.387598373747558,-168.734849504849,0.157940063476563,-4.84741886446572,1.54517042299163,-2.55074702466984,50,4.80875131994968,7.32085757145404,-117.750242382854,-1.11633743980454,-6.81296255731312,22.1353960076447,-30.0023385122088,GEO_BUL,GEO_PRA,UGeorgia,D1,SEC,20210505-UGeorgia-1,35c165ec-ade8-11eb-aeb9-181deafaf045,
57,5/5/2021,5:24:28 PM,2,4,"Bearden, Hank",1000051127,Right,GEO_PRA,"Marshall, Shane",1000013485,Right,GEO_BUL,Windup,2,Bottom,1,0,2,Fastball,Undefined,StrikeCalled,Strikeout,Undefined,Undefined,0,0,,90.9519489648707,-1.81113662708999,-4.54651942344395,1978.0330213379,229.139502592659,1:45,5.70468988122685,2.25896159130647,5.74106049725706,-16.6249435336894,17.6394127684527,20.4291301669113,2.62726704934373,-0.28021798191483,82.3414061183834,-4.93693289433396,-0.707243885751193,0.421301307634592,,,,,,,,,,,,-12.3394825759298,10.0222045674962,-1.8930283677611,49.9999999999999,5.54369080288908,9.79389723558809,-131.835105669187,-4.74296737125369,-21.5610037760101,29.9069138435395,-14.6620670617405,GEO_BUL,GEO_PRA,UGeorgia,D1,SEC,20210505-UGeorgia-1,464f81ce-ade8-11eb-aeb9-181deafaf045,
58,5/5/2021,5:24:53 PM,3,1,"Bearden, Hank",1000051127,Right,GEO_PRA,"Jernigan, Randon",1000053962,Right,GEO_BUL,Windup,2,Bottom,2,0,0,Fastball,Undefined,BallCalled,Undefined,Undefined,Undefined,0,0,,89.5398920363815,-2.86118385397472,-2.5310281539238,1939.84716812398,214.533171260277,1:15,5.60536524893164,2.42596794179077,5.71220309831881,-16.4894475747597,18.9628135749291,13.0718889493349,1.5612877146219,1.15615594013939,80.9208699952046,-5.95754376777339,-0.0650658042480703,0.428542094832948,,,,,,,,,,,,-7.81980724477302,11.0907606695071,-2.22236927195172,50,5.3558383666739,5.30779200891652,-129.921467604265,-7.04861233822047,-13.2031205656012,30.3135916051958,-13.448184132904,GEO_BUL,GEO_PRA,UGeorgia,D1,SEC,20210505-UGeorgia-1,51e25f9d-ade8-11eb-aeb9-181deafaf045,
59,5/5/2021,5:25:06 PM,3,2,"Bearden, Hank",1000051127,Right,GEO_PRA,"Jernigan, Randon",1000053962,Right,GEO_BUL,Windup,2,Bottom,2,0,0,Curveball,Undefined,StrikeCalled,Undefined,Undefined,Undefined,0,0,,76.3972701479916,2.26739878130824,-1.80150069573516,2640.98610339195,32.086595480504,7:00,4.99478267028386,2.88935929461535,5.13037515094679,-54.9044284212955,-4.76821947343513,-2.95998912003926,2.55664617522555,0.945779081776766,68.7866784370876,-7.97745753293127,-2.35637396024197,0.509620939539009,,,,,,,,,,,,0.949062320155772,-3.28881168766334,-2.71830317829896,50,5.16648434480186,3.57537269114465,-110.76331468667,2.68884410581959,1.15398013895625,23.7037524999068,-36.1729675817983,GEO_BUL,GEO_PRA,UGeorgia,D1,SEC,20210505-UGeorgia-1,5ad50b6b-ade8-11eb-aeb9-181deafaf045,
60,5/5/2021,5:25:21 PM,3,3,"Bearden, Hank",1000051127,Right,GEO_PRA,"Jernigan, Randon",1000053962,Right,GEO_BUL,Windup,2,Bottom,2,0,1,ChangeUp,Undefined,BallCalled,Undefined,Undefined,Undefined,0,0,,81.1839043376498,-0.394161834206333,-5.20845820323741,1480.5409973458,245.026837852463,2:15,4.85164141517264,2.81090003319138,6.07941078456376,-34.6488922400251,7.79106751182101,16.8141285861107,1.59808859738628,-0.619430727949151,73.8857384656443,-6.92142106780439,-2.03672825145487,0.468877075989441,,,,,,,,,,,,-10.6869492653371,4.35376234840546,-2.41697254725997,50,4.80273229564986,10.2515005798246,-117.692282858433,-1.79567916216654,-14.8985324604806,23.6036825488761,-26.1045269312718,GEO_BUL,GEO_PRA,UGeorgia,D1,SEC,20210505-UGeorgia-1,63449f2a-ade8-11eb-aeb9-181deafaf045,
61,5/5/2021,5:25:37 PM,3,4,"Bearden, Hank",1000051127,Right,GEO_PRA,"Jernigan, Randon",1000053962,Right,GEO_BUL,Windup,2,Bottom,2,0,1,Curveball,Undefined,BallCalled,Undefined,Undefined,Undefined,0,0,,76.9889789514721,-0.231496553090621,-3.36257613489985,2673.01195114799,80.1138202643839,8:45,5.18104827568297,2.71536499874219,5.34472874695357,-53.1108010396646,-4.4158506525195,-25.0750614966803,0.537653484628799,-2.53158698144101,70.8042977960432,-10.0009522678448,-8.02153668054435,0.502242525510965,,,,,,,,,,,,12.2341460768497,-2.2699257049693,-2.39505897967833,50,5.12316339061993,7.3225407266612,-111.674216806699,-2.06398085202869,15.2277839412725,22.8059673835946,-34.9994143793399,GEO_BUL,GEO_PRA,UGeorgia,D1,SEC,20210505-UGeorgia-1,6cba672b-ade8-11eb-aeb9-181deafaf045,
62,5/5/2021,5:26:03 PM,3,5,"Bearden, Hank",1000051127,Right,GEO_PRA,"Jernigan, Randon",1000053962,Right,GEO_BUL,Windup,2,Bottom,2,1,1,Curveball,Undefined,BallCalled,Undefined,Undefined,Undefined,0,0,,78.3840280596083,-0.894897007953801,-1.49337658874826,2792.2934273494,81.2951524780513,8:45,5.11859172346569,2.76860668347254,5.49648227009608,-51.7369233633108,-4.97617747346125,-32.2139208352626,-0.0301187290371713,-1.31287567215328,71.922411812828,-10.446845475421,-7.52760984209173,0.492166708373584,,,,,,,,,,,,16.7142837761183,-2.36110551266931,-2.61699814269934,50,5.00638302656924,3.93718629338704,-113.837892125116,-3.33567666341148,21.5258353912565,24.5172812344657,-35.2148470308304,GEO_BUL,GEO_PRA,UGeorgia,D1,SEC,20210505-UGeorgia-1,7e9fc16d-ade8-11eb-aeb9-181deafaf045,
63,5/5/2021,5:26:23 PM,3,6,"Bearden, Hank",1000051127,Right,GEO_PRA,"Jernigan, Randon",1000053962,Right,GEO_BUL,Windup,2,Bottom,2,2,1,Curveball,Undefined,BallCalled,Undefined,Undefined,Undefined,0,0,,77.2137818628553,0.389911203158648,-3.70278809937218,2702.24674158349,68.4250173050898,8:15,5.22799145271147,2.68056736456638,5.51577429495724,-53.764542228708,-5.56690896906875,-13.9637608046529,1.11291224450467,-1.94967309654749,70.5435264084965,-9.59285410537974,-6.31410330526206,0.49967126488828,,,,,,,,,,,,6.25702135311933,-3.10107056722764,-2.34894613962002,50,5.22676305507288,7.65970549550627,-111.978672726887,-0.826129310485133,7.81778366230424,23.2345034939216,-36.0486555695643,GEO_BUL,GEO_PRA,UGeorgia,D1,SEC,20210505-UGeorgia-1,87926cff-ade8-11eb-aeb9-181deafaf045,
64,5/5/2021,5:26:53 PM,4,1,"Bearden, Hank",1000051127,Right,GEO_PRA,"Spikes, Garrett",1000096937,Left,GEO_BUL,Windup,2,Bottom,2,0,0,ChangeUp,Undefined,FoulBall,Undefined,Undefined,Undefined,0,0,,81.1114281396865,-0.75565565220975,-2.61576216662983,1458.37867049176,231.759671957251,1:45,5.00488227527874,2.98817616132681,6.39682848275555,-35.7549112015778,5.79411253569713,7.40192058394891,1.3296926664626,1.19805672336818,74.4938338408747,-7.50731923526759,-1.21055077766466,0.463929437245132,69.3678132821224,-11.3975147914918,-166.5353131326,,,,,5.72433429091848,1.76471523202609,-152.891788937713,0.0616961669921875,-4.80267364264726,3.39609514785992,-2.80421699708801,50,4.93411859102164,5.19432307488448,-118.042873193229,-2.51746192303872,-6.76893763118412,22.7022232566676,-27.3875571235544,GEO_BUL,GEO_PRA,UGeorgia,D1,SEC,20210505-UGeorgia-1,9cb7ab28-ade8-11eb-aeb9-181deafaf045,
65,5/5/2021,5:27:24 PM,4,2,"Bearden, Hank",1000051127,Right,GEO_PRA,"Spikes, Garrett",1000096937,Left,GEO_BUL,Windup,2,Bottom,2,0,1,Curveball,Undefined,BallCalled,Undefined,Undefined,Undefined,0,0,,74.0487854279853,3.82728889760189,-1.86877041950011,2575.00126307914,3.90201526760893,6:15,5.1350713338174,2.71690798389914,5.68026599635833,-60.244012025206,-7.59954585411288,-0.51497744706552,3.68912849241231,0.931611927465361,66.2169289230532,-7.56579747361013,-1.96653416104428,0.522213243460387,,,,,,,,,,,,-0.388447074446125,-5.46097136284444,-2.55937794567222,50,5.42080090684023,3.51405586678136,-107.270173991266,5.53410315661312,-0.440589602610018,23.1496627668204,-38.36806406305,GEO_BUL,GEO_PRA,UGeorgia,D1,SEC,20210505-UGeorgia-1,ab5d2205-ade8-11eb-aeb9-181deafaf045,
66,5/5/2021,5:27:58 PM,4,3,"Bearden, Hank",1000051127,Right,GEO_PRA,"Spikes, Garrett",1000096937,Left,GEO_BUL,Windup,2,Bottom,2,1,1,ChangeUp,Undefined,InPlay,Undefined,FlyBall,Out,1,0,,79.4018279082772,0.431365310115502,-4.25462572971754,1476.69225822396,222.818862795296,1:30,4.84433817593518,2.65001493241054,6.27121273993337,-35.5782314532434,8.6084962185588,8.01531767124816,2.27819120733759,-0.610852888436563,71.8607421252415,-6.3211222462036,-2.73144086324566,0.478428936034722,99.7657325302834,19.7734161685503,26.949459245893,1811.14186524652,94.6487317324471,28.4518374218747,56.0492430996968,280.757260412153,209.593262134195,36.2537285165252,2.73146667480469,-5.74280895113282,4.58499341812196,-2.33940969669429,50.0000000000001,4.85895940089856,8.36092987313959,-115.25378050157,-0.0764918785759443,-7.62381818438974,24.0282552964123,-26.0872787380665,GEO_BUL,GEO_PRA,UGeorgia,D1,SEC,20210505-UGeorgia-1,c4cf9de6-ade8-11eb-aeb9-181deafaf045,
67,5/5/2021,5:29:51 PM,1,1,"DeJong, Max",1000048094,Right,GEO_BUL,"Floyd, Buddy",1000050725,Left,GEO_PRA,Windup,3,Top,0,0,0,Fastball,Undefined,FoulBall,Undefined,Undefined,Undefined,0,0,,87.626981560179,-3.60015358460167,-1.26297510907203,2377.64457401949,191.145384372289,12:15,6.06517717988797,1.06951564619219,6.42709434764299,-12.5125937114902,23.4830724182031,4.63318349707264,1.70874476551402,0.29474897561938,79.2803129470596,-5.97664769124442,-0.377173756140486,0.431813907713606,76.1098981031916,44.8777855839283,-50.7307703712162,4564.7397913126,56.0058253661849,76.8846888277272,-94.6749376525958,246.164554723732,57.5022577426141,-66.6173355460323,4.40532897949215,-2.95182197867117,14.0830112708808,-0.98185257733793,50,5.80325996231141,2.67469091284099,-127.3055613089,-8.36807928745402,-4.78415599891576,29.1596363466384,-9.34905323448588,GEO_BUL,GEO_PRA,UGeorgia,D1,SEC,20210505-UGeorgia-1,04d7e759-ade9-11eb-aeb9-181deafaf045,
68,5/5/2021,5:30:12 PM,1,2,"DeJong, Max",1000048094,Right,GEO_BUL,"Floyd, Buddy",1000050725,Left,GEO_PRA,Windup,3,Top,0,0,1,ChangeUp,Undefined,StrikeSwinging,Undefined,Undefined,Undefined,0,0,,79.5250544633969,-1.70852406737624,-1.50602021975146,1623.72456453648,230.827807547032,1:45,5.86923515626353,1.04689789298304,6.81587949909054,-29.7870960936638,12.5545399610769,15.4575103538519,1.8274317766636,0.960890169033063,73.3477350807053,-7.36103016304559,1.44841129086569,0.468333620474414,,,,,,,,,,,,-9.02317986114828,7.46001670792233,-0.955970262171827,50,5.74797828545298,2.67425468719216,-115.875477262045,-4.17486126702941,-12.3007873636112,21.1144718510364,-22.0042325198185,GEO_BUL,GEO_PRA,UGeorgia,D1,SEC,20210505-UGeorgia-1,0dca948f-ade9-11eb-aeb9-181deafaf045,
69,5/5/2021,5:30:27 PM,1,3,"DeJong, Max",1000048094,Right,GEO_BUL,"Floyd, Buddy",1000050725,Left,GEO_PRA,Windup,3,Top,0,0,2,Fastball,Undefined,BallCalled,Undefined,Undefined,Undefined,0,0,,88.829770342124,0.539155539201201,-3.23578036146576,2341.94456257665,217.954909305536,1:15,6.09684551552682,0.959873190843788,6.55068350206319,-10.6144642437329,24.6145817469984,19.2256792664515,5.70743309829962,-0.407855442014907,79.0312278245122,-1.50734406381287,0.469841683453204,0.427190867378539,,,,,,,,,,,,-11.8268785637265,13.4871771022632,-0.744821913601479,50,6.12955657100664,6.76122692959918,-129.057175069439,0.92101448190501,-19.4379440079183,33.2444560159834,-10.0073380481537,GEO_BUL,GEO_PRA,UGeorgia,D1,SEC,20210505-UGeorgia-1,1c3dfb93-ade9-11eb-aeb9-181deafaf045,
70,5/5/2021,5:30:43 PM,1,4,"DeJong, Max",1000048094,Right,GEO_BUL,"Floyd, Buddy",1000050725,Left,GEO_PRA,Windup,3,Top,0,1,2,Fastball,Undefined,InPlay,Undefined,FlyBall,Single,0,0,,88.8441425561881,-2.43494454280411,-1.96373995823295,2347.72581300458,191.914974628616,12:30,5.99546463392011,1.0431509182843,6.69739583603468,-9.39348052948372,25.6218207576466,5.41330548271149,2.98379151136267,-0.301861310598897,79.2426387156088,-4.24692976870045,-0.917078412899143,0.425892951054548,87.4959306298952,22.3491234922023,12.1638576219141,806.286806583098,107.383896706665,36.6475900978526,23.8461353115839,291.435775248945,290.870235514066,12.7203066243682,3.39806579589841,-3.72049579332704,15.1784171763366,-0.914953108393052,50,5.83001256526645,4.28167393385157,-129.131318508005,-5.74745449988368,-6.11902172504218,33.3935274919984,-7.21042284279887,GEO_BUL,GEO_PRA,UGeorgia,D1,SEC,20210505-UGeorgia-1,285fdd3d-ade9-11eb-aeb9-181deafaf045,
71,5/5/2021,5:31:17 PM,2,1,"DeJong, Max",1000048094,Right,GEO_BUL,"Guidry, Kameron",1000013093,Right,GEO_PRA,Stretch,3,Top,0,0,0,Curveball,Undefined,BallCalled,Undefined,Undefined,Undefined,0,0,,72.3801041816931,-0.376801445193549,-0.246805103114713,2314.53032839661,58.9288774282539,8:00,6.08493921284242,0.6771303562749,5.81122268874741,-68.0297692430382,-13.5580789452328,-22.4161194981856,0.065451774689491,-1.42034843040384,66.2869185145275,-13.0579109942972,-4.50562446057469,0.5311986276192,,,,,,,,,,,,12.0445611305835,-7.20456615240955,-0.643910028150677,50,6.01457181244858,1.04041261673484,-105.17375616094,-2.47426115075442,13.1450210833478,22.1009378496498,-40.0368650545198,GEO_BUL,GEO_PRA,UGeorgia,D1,SEC,20210505-UGeorgia-1,3a42d558-ade9-11eb-aeb9-181deafaf045,
72,5/5/2021,5:31:48 PM,2,2,"DeJong, Max",1000048094,Right,GEO_BUL,"Guidry, Kameron",1000013093,Right,GEO_PRA,Stretch,3,Top,0,1,0,Fastball,Undefined,InPlay,Undefined,FlyBall,Out,1,0,,88.4862700923903,-1.94255144878411,-2.20145992958852,2365.28110841403,197.887451686131,12:30,6.07559996983261,0.814658772740254,6.74577586773925,-10.5481905899667,24.2902563939604,7.8502366462826,3.42018774110096,-0.543047536517314,79.8236496037215,-3.96838107280149,-0.691510747586991,0.424816045436576,89.71631906269,24.5467808194804,28.445893465611,3610.54147808144,91.8183553437723,42.8078724284117,60.5751014437335,292.288373089456,159.310036818814,40.2659318900973,3.71383850097656,-5.08241136657863,14.1753456734181,-0.673449195140527,50,5.94410590329708,4.73804994328531,-128.732483841766,-4.65246366860666,-8.41031162231912,30.1873336733713,-8.71686143232022,GEO_BUL,GEO_PRA,UGeorgia,D1,SEC,20210505-UGeorgia-1,4c6d4fda-ade9-11eb-aeb9-181deafaf045,
73,5/5/2021,5:32:33 PM,3,1,"DeJong, Max",1000048094,Right,GEO_BUL,"Watkins, Lane",1000051388,Left,GEO_PRA,Stretch,3,Top,1,0,0,Curveball,Undefined,StrikeSwinging,Undefined,Undefined,Undefined,0,0,,73.5535613261795,0.426251912499183,0.377718924365503,2308.27103592013,60.5428471852266,8:00,5.99245351515988,0.683347305875713,6.02350328800313,-66.2794879649949,-13.9793474471486,-24.6645167742671,0.86390779561311,-1.02223874358628,67.1152524122103,-12.0254395983601,-4.32754364822389,0.520502651514403,,,,,,,,,,,,13.5823851483433,-7.77309084704204,-0.699677436176091,49.9999999999999,5.99034945059055,-0.0726349144806814,-106.922786120879,-0.903543266442953,15.3235094422156,22.8090313360628,-40.9435709701265,GEO_BUL,GEO_PRA,UGeorgia,D1,SEC,20210505-UGeorgia-1,672d8269-ade9-11eb-aeb9-181deafaf045,
74,5/5/2021,5:32:50 PM,3,2,"DeJong, Max",1000048094,Right,GEO_BUL,"Watkins, Lane",1000051388,Left,GEO_PRA,Stretch,3,Top,1,0,1,ChangeUp,Undefined,BallCalled,Undefined,Undefined,Undefined,0,0,,81.3025496589771,-4.56889114172886,-0.7321670669515,1555.00251763028,145.940547843076,10:45,5.95025667324078,0.951749265009616,6.88247649925233,-19.8545369821237,20.6892569053716,-14.0121068930991,0.124016781532039,-0.883006773505793,75.203875771743,-8.30281191499,-3.4080548300676,0.458282961641156,,,,,,,,,,,,7.63201014347141,12.7716970656091,-0.900360245984995,50,5.65391931367818,1.8497315015007,-118.195669663082,-9.92669714210091,10.8432768275245,21.6137034259165,-14.028495257062,GEO_BUL,GEO_PRA,UGeorgia,D1,SEC,20210505-UGeorgia-1,703805cf-ade9-11eb-aeb9-181deafaf045,
75,5/5/2021,5:33:20 PM,3,3,"DeJong, Max",1000048094,Right,GEO_BUL,"Watkins, Lane",1000051388,Left,GEO_PRA,Stretch,3,Top,1,1,1,ChangeUp,Undefined,StrikeSwinging,Undefined,Undefined,Undefined,0,0,,81.8925628433924,-3.4154536362454,-2.49543067709022,1499.05626041376,192.408574670924,12:30,6.10551284847433,1.01315341813196,6.42518119732221,-20.6826197778464,20.3979195018743,4.49647210942293,1.23633044443026,-0.906982116902369,74.6250920579019,-7.32511589657784,-1.63878642950433,0.461306513136713,,,,,,,,,,,,-3.22556884703186,12.2621175004339,-0.837674830509423,50.0000000000001,5.85273372266961,5.06371190612497,-118.948350545361,-7.65857092134866,-4.58628372086185,24.4297034527158,-14.7391238834431,GEO_BUL,GEO_PRA,UGeorgia,D1,SEC,20210505-UGeorgia-1,821d6058-ade9-11eb-aeb9-181deafaf045,
76,5/5/2021,5:33:38 PM,3,4,"DeJong, Max",1000048094,Right,GEO_BUL,"Watkins, Lane",1000051388,Left,GEO_PRA,Stretch,3,Top,1,1,2,ChangeUp,Undefined,BallCalled,Undefined,Undefined,Undefined,0,0,,80.4459502993066,-3.64264995896521,-1.79684441317447,1528.25586508311,168.94404192401,11:45,6.06352004349828,1.04647917809449,6.60278170418525,-22.7138103496856,19.3844948214962,-3.79534912402521,0.828121591273371,-0.916134459088836,73.7757109366917,-7.92878159859855,-2.52068696032512,0.466985960769153,,,,,,,,,,,,1.58479906324443,11.7862427590706,-0.922659476184225,50,5.80580172709621,3.76473001077301,-116.935540333537,-8.02451233903319,2.18687839569659,22.7519629299875,-15.9101068025279,GEO_BUL,GEO_PRA,UGeorgia,D1,SEC,20210505-UGeorgia-1,8b100c4a-ade9-11eb-aeb9-181deafaf045,
77,5/5/2021,5:33:55 PM,3,5,"DeJong, Max",1000048094,Right,GEO_BUL,"Watkins, Lane",1000051388,Left,GEO_PRA,Stretch,3,Top,1,2,2,Curveball,Undefined,BallCalled,Undefined,Undefined,Undefined,0,0,,71.1567317132783,1.107239955138,1.60628238938386,2211.8374444355,39.7848256692951,7:15,5.94361994315171,0.967016362683796,6.0000563677401,-68.9444706559405,-12.6836816962355,-10.5179064284208,1.22458718458127,1.57906364459779,64.3566453465412,-11.9222296467377,-0.407863473350175,0.539851642933756,,,,,,,,,,,,6.32998366496682,-7.32758488803851,-1.08752271395197,50,5.99358905287554,-2.63735767305015,-103.343461768544,0.289745118301334,6.6357190502494,22.138304278355,-39.8555525234919,GEO_BUL,GEO_PRA,UGeorgia,D1,SEC,20210505-UGeorgia-1,9402bac3-ade9-11eb-aeb9-181deafaf045,
78,5/5/2021,5:34:13 PM,3,6,"DeJong, Max",1000048094,Right,GEO_BUL,"Watkins, Lane",1000051388,Left,GEO_PRA,Stretch,3,Top,1,3,2,ChangeUp,Undefined,StrikeSwinging,Strikeout,Undefined,Undefined,0,0,,82.607424700464,-3.52168968749111,-0.324859276666289,1525.09659227315,142.661521552935,10:45,5.94633850799392,0.988558081978115,6.59010615189373,-20.8410483454649,19.2886683768928,-14.7432927311494,0.979041254621349,-0.537675064011362,75.2958725756548,-7.46474267198794,-3.14599233075831,0.455936714513229,,,,,,,,,,,,8.07459121924738,11.7766757611562,-0.960179628017072,50,5.69699991818162,1.06433999973804,-120.102100957457,-7.93344473698972,11.6762744980555,25.4285823029401,-15.1443692664028,GEO_BUL,GEO_PRA,UGeorgia,D1,SEC,20210505-UGeorgia-1,a2d7dcef-ade9-11eb-aeb9-181deafaf045,
79,5/5/2021,5:34:39 PM,4,1,"DeJong, Max",1000048094,Right,GEO_BUL,"Meadows, Mason",10000431,Right,GEO_PRA,Stretch,3,Top,2,0,0,Fastball,Undefined,BallCalled,Undefined,Undefined,Undefined,0,0,,89.1174804427096,-2.45494099643035,-3.66204712990194,2400.00907550707,212.388867185836,1:00,5.88925611152184,0.844059210573942,6.77916542653515,-15.1449277781793,19.2723084585064,12.2458540714391,2.3802066470829,-1.48294034658129,80.4325129700799,-5.36134479556257,-1.30820958237451,0.422240137938016,,,,,,,,,,,,-8.01135639956144,11.5534129987237,-0.610694485269239,50,5.72365529900914,7.9568441219602,-129.4442425189,-5.96647648001723,-13.4027643434417,30.5467165396678,-12.8455273845566,GEO_BUL,GEO_PRA,UGeorgia,D1,SEC,20210505-UGeorgia-1,aedac14f-ade9-11eb-aeb9-181deafaf045,
80,5/5/2021,5:34:54 PM,4,2,"DeJong, Max",1000048094,Right,GEO_BUL,"Meadows, Mason",10000431,Right,GEO_PRA,Stretch,3,Top,2,1,0,Curveball,Undefined,BallCalled,Undefined,Undefined,Undefined,0,0,,72.6470116533915,-0.337670692161881,0.191044257887831,2272.7916506259,51.8416356561558,7:45,5.97472162123928,0.591623822116781,6.03361612612822,-66.3466866186663,-12.8928039386495,-16.3443895831585,0.133186555180943,-0.593525844476262,66.5558263414147,-12.768551438206,-2.92603654254522,0.526212483073521,,,,,,,,,,,,8.97524956212369,-6.91161478491142,-0.597798507311397,50,5.91303509218768,0.0618525157749258,-105.629137717005,-2.30331752072313,9.91041196234912,21.7960621964455,-39.8058084723439,GEO_BUL,GEO_PRA,UGeorgia,D1,SEC,20210505-UGeorgia-1,b7cd6f84-ade9-11eb-aeb9-181deafaf045,
81,5/5/2021,5:35:18 PM,4,3,"DeJong, Max",1000048094,Right,GEO_BUL,"Meadows, Mason",10000431,Right,GEO_PRA,Stretch,3,Top,2,2,0,ChangeUp,Undefined,BallCalled,Undefined,Undefined,Undefined,0,0,,82.0932251075255,-4.51649355130782,-1.46727607305188,1549.31145570457,151.177739033976,11:00,5.91890110822474,0.646799029495473,6.78814619287414,-25.4458083257001,14.7034194712026,-8.11148600465244,-0.333705196921537,-1.36863522410228,75.652450856432,-9.30444553146491,-3.01812591411654,0.456047539295052,,,,,,,,,,,,4.10554155493988,9.478746281512,-0.54862787577057,50,5.61589214475543,3.25655225758239,-119.266147391647,-10.0565746979618,5.90234817877613,23.3417566565457,-18.546891188008,GEO_BUL,GEO_PRA,UGeorgia,D1,SEC,20210505-UGeorgia-1,c9b2c8f1-ade9-11eb-aeb9-181deafaf045,
82,5/5/2021,5:35:41 PM,4,4,"DeJong, Max",1000048094,Right,GEO_BUL,"Meadows, Mason",10000431,Right,GEO_PRA,Stretch,3,Top,2,3,0,Fastball,Undefined,BallCalled,Walk,Undefined,Undefined,0,0,,88.7529026165128,-0.840451094120456,-2.35413610420387,2392.79768674867,214.171201378536,1:15,6.08089830883106,0.801074126062442,6.55355568627803,-14.9886192703422,19.8400945536964,13.490971979641,4.06061890958346,-0.234154506667393,80.1372374477946,-3.7090380010344,0.230502659802942,0.42475669877094,,,,,,,,,,,,-8.21521430106261,11.2567378408382,-0.644661249880174,50,6.01655863758667,4.92930414528098,-129.132554872183,-2.31746109503452,-13.6976341980434,30.0397766896214,-13.4051313308469,GEO_BUL,GEO_PRA,UGeorgia,D1,SEC,20210505-UGeorgia-1,d2a57732-ade9-11eb-aeb9-181deafaf045,
83,5/5/2021,5:36:27 PM,5,1,"DeJong, Max",1000048094,Right,GEO_BUL,"Floyd, Buddy",1000050725,Left,GEO_PRA,Stretch,3,Top,2,0,0,Fastball,Undefined,BallCalled,Undefined,Undefined,Undefined,0,0,,89.0821069489067,-4.56161150284262,-1.19339692049664,2414.077145338,170.946479223365,11:45,5.94290868698533,0.97455750585789,6.69542457010809,-12.3754735862306,22.1529236376104,-3.53506696407133,0.731108612878008,-0.411334996795303,80.7607011788217,-6.91244107428375,-1.87207223305979,0.422921465053557,,,,,,,,,,,,1.595007077926,13.7658333875808,-0.893913551502567,50,5.6344487099895,2.7907581593453,-129.332509160534,-10.6588395736214,2.66913719003033,29.9969578767617,-9.13785119088021,GEO_BUL,GEO_PRA,UGeorgia,D1,SEC,20210505-UGeorgia-1,ed7d7eb3-ade9-11eb-aeb9-181deafaf045,
84,5/5/2021,5:36:46 PM,5,2,"DeJong, Max",1000048094,Right,GEO_BUL,"Floyd, Buddy",1000050725,Left,GEO_PRA,Stretch,3,Top,2,1,0,Fastball,Undefined,BallCalled,Undefined,Undefined,Undefined,0,0,,89.631409379702,-3.19892016454667,-3.0200139846546,2391.61171835094,192.396760147355,12:30,6.13326364296491,0.809564221916934,6.62991126236088,-9.76189079339363,24.4965972509345,5.39155414453212,2.38415708013429,-1.50841286174345,80.7842017073416,-5.06648887537516,-1.98584371603507,0.421265229172587,,,,,,,,,,,,-3.96993799028465,14.6496068492963,-0.607674489649583,50,5.9127138376932,6.71645257698543,-130.149571607005,-7.55570894530528,-6.70694333459652,31.1504173839585,-7.42452268151815,GEO_BUL,GEO_PRA,UGeorgia,D1,SEC,20210505-UGeorgia-1,fdea3ae1-ade9-11eb-aeb9-181deafaf045,
85,5/5/2021,5:37:03 PM,5,3,"DeJong, Max",1000048094,Right,GEO_BUL,"Floyd, Buddy",1000050725,Left,GEO_PRA,Stretch,3,Top,2,2,0,Fastball,Undefined,BallCalled,Undefined,Undefined,Undefined,0,0,,89.5112777905657,-1.42624822528626,-2.13697310197732,2460.70417939408,218.206127936366,1:15,5.91028735593586,1.19267556667578,6.51695098934739,-13.3069543831704,21.0070582020094,16.5599570527235,3.49170444016608,0.611230197183166,80.8013876421416,-3.97032428554377,1.03504989971883,0.421606474362548,,,,,,,,,,,,-9.84036211581264,12.0766261621312,-1.05130492402878,50,5.80528911791958,4.38583861904612,-130.215654799806,-3.62451094638412,-16.6730255354163,30.7069743381265,-11.7120072196254,GEO_BUL,GEO_PRA,UGeorgia,D1,SEC,20210505-UGeorgia-1,08558565-adea-11eb-aeb9-181deafaf045,
86,5/5/2021,5:37:23 PM,5,4,"DeJong, Max",1000048094,Right,GEO_BUL,"Floyd, Buddy",1000050725,Left,GEO_PRA,Stretch,3,Top,2,3,0,Fastball,Undefined,BallCalled,Walk,Undefined,Undefined,0,0,,89.352875372712,-1.55284061457047,-2.58599183838683,2396.98694890376,212.926026620729,1:00,6.13023091678795,0.98690149508938,6.61781788247379,-12.9190139022147,21.5190182277866,13.9561154062339,3.62995297002597,-0.219622893014409,80.3535293491721,-4.03269428217001,0.0962727720777441,0.422367683549022,,,,,,,,,,,,-8.60496971275088,12.4711275501981,-0.817395764123514,50,6.01957152055706,5.48027514683749,-129.931517760198,-3.88509278198726,-14.4618402263117,31.5115462037298,-11.2145960431151,GEO_BUL,GEO_PRA,UGeorgia,D1,SEC,20210505-UGeorgia-1,1148339c-adea-11eb-aeb9-181deafaf045,
87,5/5/2021,5:40:35 PM,1,1,"Smith, Brandon",1000013173,Right,GEO_PRA,"Stinson, Joshua",1000083902,Right,GEO_BUL,Windup,3,Bottom,0,0,0,Fastball,Undefined,FoulBall,Undefined,Undefined,Undefined,0,0,,92.2354967575898,-1.2755924682447,-2.1847163477401,2204.0497828178,213.553623337479,1:00,5.43496777836909,1.96787961027747,5.78453385210005,-18.4475319287711,14.6727240757565,9.75207806959885,2.71003593598386,0.747306374545672,83.6062704398961,-4.74609114870901,-0.345933757819877,0.4142078839074,,,,,,,,,,,,-5.91132116319067,8.28570428688236,-1.7938484145966,50,5.31892941635849,4.782155777145,-134.052144009058,-3.61475085580178,-10.665909805585,31.2573813110399,-17.2239938800008,GEO_BUL,GEO_PRA,UGeorgia,D1,SEC,20210505-UGeorgia-1,859aff60-adea-11eb-aeb9-181deafaf045,
88,5/5/2021,5:41:01 PM,1,2,"Smith, Brandon",1000013173,Right,GEO_PRA,"Stinson, Joshua",1000083902,Right,GEO_BUL,Windup,3,Bottom,0,0,1,ChangeUp,Undefined,FoulBall,Undefined,Undefined,Undefined,0,0,,82.4651317618915,-0.816246016483172,-3.04802512052181,2066.23889252192,216.847338609178,1:15,4.80104674450252,2.1701272357971,5.97316629373822,-32.755852754646,8.49732628134034,6.39683524254003,1.31367036039411,-0.124762175919562,74.9170908180406,-6.98638441072071,-1.83804545410728,0.462274810409752,51.4472789436396,-38.8651969854629,174.553424638875,,,,,1.39712325725623,1.39712325725623,10.0569288991664,0.0321514892578125,-4.41104370784,4.86069087909936,-1.93267980208416,50,4.71839845122541,6.19189794173734,-119.8084695065,-2.67049585084821,-6.34349596391863,25.437359065805,-25.1839176450953,GEO_BUL,GEO_PRA,UGeorgia,D1,SEC,20210505-UGeorgia-1,9640f075-adea-11eb-aeb9-181deafaf045,
89,5/5/2021,5:41:30 PM,1,3,"Smith, Brandon",1000013173,Right,GEO_PRA,"Stinson, Joshua",1000083902,Right,GEO_BUL,Windup,3,Bottom,0,0,2,Fastball,Undefined,HitByPitch,Undefined,Undefined,Undefined,0,0,,93.4559372175936,-2.67666541449452,-1.20560618449907,2169.84145346384,208.943847293709,1:00,5.65880029566343,1.73470376252233,5.88295191243152,-15.4271292020514,17.047633207749,9.44471411240769,1.88556325306051,1.40219321515565,83.9423945569617,-5.59261174021941,0.588920682743783,0.410151693948408,44.4173651073244,-22.2070995373376,149.853299300722,,,,,4.67855326367128,3.07269550801171,173.9232416198,0.0637530517578125,-5.51952396391642,10.1307554630704,-1.64293116556292,50,5.43419743154067,2.53895821360978,-135.702677706319,-6.86320680363445,-10.0943691452513,35.0256952589057,-13.6464389232363,GEO_BUL,GEO_PRA,UGeorgia,D1,SEC,20210505-UGeorgia-1,a788f8dd-adea-11eb-aeb9-181deafaf045,
90,5/5/2021,5:42:19 PM,2,1,"Smith, Brandon",1000013173,Right,GEO_PRA,"Marshall, Shane",1000013485,Right,GEO_BUL,Stretch,3,Bottom,0,0,0,Fastball,Undefined,InPlay,Undefined,GroundBall,Out,2,0,,91.2366790582504,-1.40200922984952,-4.41884761815496,2079.55145980088,224.759475675579,1:30,5.53705883768238,1.68344112788991,5.96403302201129,-15.591820339416,17.818627265581,17.7007993472514,2.93382411786444,-0.946278788811367,83.4269103785455,-4.33126693517564,-1.09679440148183,0.416018520665581,93.0364387185859,-8.17779602466555,-16.9051837010019,,,,,18.9887613317038,18.4908590198487,-13.1290337151033,0.133008422851563,-10.7507525478333,10.0045399181266,-1.34293641575629,50,5.41700405102695,9.65311016172769,-132.442094796619,-3.76341340011049,-19.1611920458833,27.3748028320466,-14.3428400108887,GEO_BUL,GEO_PRA,UGeorgia,D1,SEC,20210505-UGeorgia-1,c43dbbf8-adea-11eb-aeb9-181deafaf045,
91,5/5/2021,5:42:55 PM,3,1,"Smith, Brandon",1000013173,Right,GEO_PRA,"Wagner, Luke A.",691022,Right,GEO_BUL,Windup,3,Bottom,2,0,0,ChangeUp,Undefined,BallCalled,Undefined,Undefined,Undefined,0,0,,83.6536283475573,-2.08036154511461,-4.32494913630471,2230.15607139443,246.257213156114,2:15,4.93658208123094,1.75541246599777,5.9949424059117,-32.5848327682729,7.0365230157079,16.0818705724156,0.287276325915662,-0.919319901031248,77.2315003484509,-8.15660886616354,-1.30900224869993,0.453039620204798,,,,,,,,,,,,-9.82292976777087,4.3478187986336,-1.42371989118506,50,4.75443915887519,8.70105137780679,-121.432694713083,-5.40168688201657,-14.7558611701464,22.4356538133498,-25.6428188619979,GEO_BUL,GEO_PRA,UGeorgia,D1,SEC,20210505-UGeorgia-1,d566c7d1-adea-11eb-aeb9-181deafaf045,
92,5/5/2021,5:43:12 PM,3,2,"Smith, Brandon",1000013173,Right,GEO_PRA,"Wagner, Luke A.",691022,Right,GEO_BUL,Windup,3,Bottom,2,1,0,ChangeUp,Undefined,BallCalled,Undefined,Undefined,Undefined,0,0,,82.3661589072939,-2.37825552207446,-5.77298768500664,2121.95444847998,248.334683506996,2:15,5.24654439905244,1.92780571770881,5.99338700819811,-30.4259519299294,10.9946770786099,27.7751965924755,0.494917035703754,-1.12485925932187,75.1587349598802,-8.08484119859853,-0.545773749352725,0.463212065597278,,,,,,,,,,,,-16.7157666583217,6.6452944463349,-1.48761290386486,50,5.0417170194144,11.2383685858901,-119.196880666062,-5.8657216113493,-23.9658458618127,23.6506067426156,-22.6465105342401,GEO_BUL,GEO_PRA,UGeorgia,D1,SEC,20210505-UGeorgia-1,e418283e-adea-11eb-aeb9-181deafaf045,
93,5/5/2021,5:43:33 PM,3,3,"Smith, Brandon",1000013173,Right,GEO_PRA,"Wagner, Luke A.",691022,Right,GEO_BUL,Windup,3,Bottom,2,2,0,Fastball,Undefined,BallCalled,Undefined,Undefined,Undefined,0,0,,90.9408954764357,-0.340377012197037,-3.69574432381284,2014.95906867026,239.11325823723,2:00,5.44321827817832,2.10576748249874,5.71138331054757,-15.5559902195278,18.4678288295183,30.9271833966853,3.8291621490223,1.23568672602131,82.7949731454051,-3.25593513023055,2.10458833537946,0.419819926577619,,,,,,,,,,,,-17.6199088561018,9.99544364791966,-1.81560543791926,50,5.4051293662868,7.47493313543057,-132.072869574249,-1.31739715297255,-31.083663196424,28.4536958184684,-14.5408697251349,GEO_BUL,GEO_PRA,UGeorgia,D1,SEC,20210505-UGeorgia-1,f09bc448-adea-11eb-aeb9-181deafaf045,
94,5/5/2021,5:43:49 PM,3,4,"Smith, Brandon",1000013173,Right,GEO_PRA,"Wagner, Luke A.",691022,Right,GEO_BUL,Windup,3,Bottom,2,3,0,Fastball,Undefined,FoulBall,Undefined,Undefined,Undefined,0,0,,90.8794876163607,-0.62084420238337,-2.22617897662185,2110.30106742345,232.548417301946,1:45,5.33849957996889,1.93461532861161,5.82252812809937,-21.1088163879075,12.7278874279153,16.657894227447,3.00186474294818,1.25237729267053,82.9422567773053,-4.58203524419804,0.906366722583265,0.418663927526138,79.7060892179358,78.0978671138938,-147.624340414618,5071.20310137916,,,,,,,,-9.59229811389988,7.02491822266194,-1.76267176298161,49.9999999999999,5.27532295450281,4.57994719295344,-132.176619700259,-2.14078526751292,-16.9477210622707,28.5117114364834,-19.7623873351829,GEO_BUL,GEO_PRA,UGeorgia,D1,SEC,20210505-UGeorgia-1,f9edcb33-adea-11eb-aeb9-181deafaf045,
95,5/5/2021,5:44:15 PM,3,5,"Smith, Brandon",1000013173,Right,GEO_PRA,"Wagner, Luke A.",691022,Right,GEO_BUL,Windup,3,Bottom,2,3,1,Fastball,Undefined,StrikeCalled,Undefined,Undefined,Undefined,0,0,,91.434623917454,-2.96618853889379,-2.96248330545404,2097.57066572772,201.193713433503,12:45,5.54074219432554,1.89097084506323,5.98245306984772,-14.7194963810128,19.0165112402182,7.38591742056452,1.55902347291003,-0.241505042455597,82.4642249662362,-5.74643131873489,-1.5622163196113,0.418040502795103,,,,,,,,,,,,-4.95862024295954,11.2765240713411,-1.66129720258851,50,5.29834451003132,6.62620185122023,-132.654546218404,-7.35880494981144,-8.70904949820231,32.1750154878255,-12.3685781850264,GEO_BUL,GEO_PRA,UGeorgia,D1,SEC,20210505-UGeorgia-1,09c92001-adeb-11eb-aeb9-181deafaf045,
96,5/5/2021,5:44:37 PM,3,6,"Smith, Brandon",1000013173,Right,GEO_PRA,"Wagner, Luke A.",691022,Right,GEO_BUL,Windup,3,Bottom,2,3,2,ChangeUp,Undefined,StrikeCalled,Strikeout,Undefined,Undefined,0,0,,82.8544643695524,-0.975415020870132,-4.06251688163003,2213.15716673156,230.710961392448,1:45,5.08928886186856,1.86548469272737,5.85166503515608,-27.7598044756868,13.0552979794994,16.0035883676944,1.86739626931315,-0.58148415949002,75.6795438767845,-6.17801387462135,-1.05690382992717,0.459813760424996,,,,,,,,,,,,-9.76881449871213,7.30919096255483,-1.54477839756968,50,4.9937621917822,8.05769799281828,-120.28766084772,-2.89536758817731,-14.2934572452209,23.6263585649261,-21.4794439517258,GEO_BUL,GEO_PRA,UGeorgia,D1,SEC,20210505-UGeorgia-1,14c5d2be-adeb-11eb-aeb9-181deafaf045,
97,5/5/2021,5:46:54 PM,1,1,"Melear, Bryce",1000013056,Right,GEO_BUL,"Guidry, Kameron",1000013093,Right,GEO_PRA,Windup,4,Top,0,0,0,Fastball,Undefined,StrikeCalled,Undefined,Undefined,Undefined,0,0,,91.5658498095462,-2.0829914108877,-2.62308422001985,2408.74698485611,228.53775327715,1:30,5.30034553342395,1.40969187153672,5.89326185940682,-15.3193255153093,18.246940644924,20.6875380128354,2.08717180365908,0.696890140842546,82.8615409097419,-4.97066983848683,1.28884795372874,0.416987499007619,,,,,,,,,,,,-11.9935039746242,10.5081074862566,-1.21049413911415,50,5.12393020599031,5.40880040844392,-132.989905364926,-5.34851611510994,-21.2604759462252,31.2351058658605,-13.5466843662328,GEO_BUL,GEO_PRA,UGeorgia,D1,SEC,20210505-UGeorgia-1,654de98e-adeb-11eb-aeb9-181deafaf045,
98,5/5/2021,5:47:06 PM,1,2,"Melear, Bryce",1000013056,Right,GEO_BUL,"Guidry, Kameron",1000013093,Right,GEO_PRA,Windup,4,Top,0,0,1,ChangeUp,Undefined,BallCalled,Undefined,Undefined,Undefined,0,0,,82.5945405972251,-2.62678210967892,-4.2227401803633,2189.31310552589,221.870032971371,1:30,5.38249006039316,1.28321333925251,5.89665752500126,-20.0180286604635,21.2368493346996,19.0694617291755,1.26763156991366,-1.0545798050754,75.0720031618133,-6.38803686880047,-0.630212307549338,0.462284329408816,,,,,,,,,,,,-11.548002318633,12.2489632688076,-0.954319478879567,50,5.1593416930704,8.27233923275375,-119.749810409454,-6.10649589228138,-16.6715901920853,24.3735613989267,-14.4904968683633,GEO_BUL,GEO_PRA,UGeorgia,D1,SEC,20210505-UGeorgia-1,6e409597-adeb-11eb-aeb9-181deafaf045,
99,5/5/2021,5:47:18 PM,1,3,"Melear, Bryce",1000013056,Right,GEO_BUL,"Guidry, Kameron",1000013093,Right,GEO_PRA,Windup,4,Top,0,1,1,Curveball,Undefined,BallCalled,Undefined,Undefined,Undefined,0,0,,74.8600010790378,1.4314600989023,-2.26392666988486,2583.31398877031,37.3707509106192,7:15,5.24253371392301,1.51846646741456,5.164433654682,-59.7416017609907,-7.82414838524732,-5.93840497165627,1.61246103198565,-1.10795576808667,68.0774727632254,-9.6530151394606,-3.37401922142795,0.518594861365168,,,,,,,,,,,,2.39338325160754,-4.59834565141316,-1.30318714779693,50,5.3317127744489,4.47318360066968,-108.599153177485,0.906327470752458,2.81015369902669,22.0058066704925,-37.5731245435473,GEO_BUL,GEO_PRA,UGeorgia,D1,SEC,20210505-UGeorgia-1,76fed236-adeb-11eb-aeb9-181deafaf045,
100,5/5/2021,5:47:32 PM,1,4,"Melear, Bryce",1000013056,Right,GEO_BUL,"Guidry, Kameron",1000013093,Right,GEO_PRA,Windup,4,Top,0,2,1,ChangeUp,Undefined,BallCalled,Undefined,Undefined,Undefined,0,0,,83.4832769642798,-2.85888665614348,-1.37703451541769,2335.47887003459,208.872195557281,1:00,5.56812206001079,1.35482148704396,5.81617598389022,-18.2643088276419,22.0865527972643,12.1993709252542,1.38531303833695,1.09100835805417,75.9833953000002,-6.2802662535786,0.923168721089715,0.457191265508488,,,,,,,,,,,,-6.98059949801093,12.7474112818008,-1.24945222544798,50,5.32344812752848,2.54151185070664,-121.287577491049,-6.61867011359726,-10.3316611417182,25.1433114155332,-13.3071971011638,GEO_BUL,GEO_PRA,UGeorgia,D1,SEC,20210505-UGeorgia-1,7f70c7e0-adeb-11eb-aeb9-181deafaf045,
101,5/5/2021,5:47:54 PM,1,5,"Melear, Bryce",1000013056,Right,GEO_BUL,"Guidry, Kameron",1000013093,Right,GEO_PRA,Windup,4,Top,0,3,1,Fastball,Undefined,FoulBall,Undefined,Undefined,Undefined,0,0,,91.2142432094786,-1.27201425422176,-2.63636119727379,2346.60799448039,213.10892226592,1:00,5.43781902860368,1.27291057810811,5.86336490985372,-10.7526178822555,23.2877798925978,15.2071520790558,3.35882180458188,0.0896821150321018,81.8620431226923,-3.30986153601814,0.246905897435803,0.419922196575458,,,,,,,,,,,,-9.09004663828124,13.0156550929996,-1.06819707047422,50,5.32861507821495,5.59867827197992,-132.466007320041,-3.29856660141258,-15.8803878612252,32.7284877927596,-9.43558973771458,GEO_BUL,GEO_PRA,UGeorgia,D1,SEC,20210505-UGeorgia-1,89189d51-adeb-11eb-aeb9-181deafaf045,
102,5/5/2021,5:48:13 PM,1,6,"Melear, Bryce",1000013056,Right,GEO_BUL,"Guidry, Kameron",1000013093,Right,GEO_PRA,Windup,4,Top,0,3,2,Fastball,Undefined,BallCalled,Walk,Undefined,Undefined,0,0,,90.8256073973842,0.00103629778099058,-3.47499435400241,2377.05563147627,222.217937272625,1:30,5.33448755564274,1.38987812059685,6.02264611450778,-14.0957283079327,20.0968274971221,18.2633270986629,4.16080497316015,-0.310187857464771,81.3493322455721,-2.68056634903645,-0.00226689473166031,0.420859660539283,,,,,,,,,,,,-11.0906502474275,10.93782874353,-1.12788905097582,50,5.3269903948787,7.42613942235554,-131.858798083731,-0.445974777901504,-19.1740525703355,32.7523798629347,-13.2642011935658,GEO_BUL,GEO_PRA,UGeorgia,D1,SEC,20210505-UGeorgia-1,920b4a62-adeb-11eb-aeb9-181deafaf045,
103,5/5/2021,5:48:59 PM,2,1,"Melear, Bryce",1000013056,Right,GEO_BUL,"Watkins, Lane",1000051388,Left,GEO_PRA,Stretch,4,Top,0,0,0,Fastball,Undefined,BallCalled,Undefined,Undefined,Undefined,0,0,,88.5054647254538,-1.01296616208562,-0.933934917381379,2300.15876145368,235.380265622236,1:45,5.33158560159126,1.71192779636542,5.84550196075258,-19.4856058996539,16.5872230504724,24.0759679979509,2.76636122822661,2.85041299116476,79.8837491761128,-4.68697839948781,3.62495442162673,0.43227649314344,,,,,,,,,,,,-13.3163676176391,9.29407079280141,-1.64999540954621,50,5.23803059703439,1.32422877900076,-128.668120868238,-2.90118326101485,-21.9728538401165,30.6125350793604,-16.8382404011036,GEO_BUL,GEO_PRA,UGeorgia,D1,SEC,20210505-UGeorgia-1,b2f3119f-adeb-11eb-aeb9-181deafaf045,
104,5/5/2021,5:49:16 PM,2,2,"Melear, Bryce",1000013056,Right,GEO_BUL,"Watkins, Lane",1000051388,Left,GEO_PRA,Stretch,4,Top,0,1,0,ChangeUp,Undefined,StrikeSwinging,Undefined,Undefined,Undefined,0,0,,79.7454488804747,-0.144567137661013,-3.14307263280335,2037.54482586576,235.689974189314,1:45,5.29752973612007,1.5543589320247,5.79647022063984,-29.8327044993702,14.5498072015715,21.3823546786289,2.67681945790137,0.41020045460215,72.2893835735389,-5.75749587699191,0.891011725455152,0.479487684003453,,,,,,,,,,,,-12.4828200344334,7.88346326133661,-1.30881678870584,50,5.26797232969955,5.73379493558697,-115.830304023201,-1.16705374112755,-16.7955181274846,23.5811145360122,-21.5669221420547,GEO_BUL,GEO_PRA,UGeorgia,D1,SEC,20210505-UGeorgia-1,bd5997cc-adeb-11eb-aeb9-181deafaf045,
105,5/5/2021,5:49:32 PM,2,3,"Melear, Bryce",1000013056,Right,GEO_BUL,"Watkins, Lane",1000051388,Left,GEO_PRA,Stretch,4,Top,0,1,1,Fastball,Undefined,StrikeCalled,Undefined,Undefined,Undefined,0,0,,89.4267789598292,-1.52337263043177,-2.74584348880914,2323.02152746123,223.479398299538,1:30,5.32619183803403,1.72062174741146,5.83574227499747,-13.5918853225627,21.8862357285311,20.7859430862154,2.7758673345273,0.899051347161781,80.2998467693179,-4.09545417094035,1.19416356530311,0.428698361821354,,,,,,,,,,,,-12.1368101365833,12.3306225776122,-1.50903387040638,50,5.19416040172554,5.55291106706325,-129.834999783361,-3.89759180922966,-20.3622045793671,31.526905664852,-11.4866804019686,GEO_BUL,GEO_PRA,UGeorgia,D1,SEC,20210505-UGeorgia-1,c6e99856-adeb-11eb-aeb9-181deafaf045,
106,5/5/2021,5:49:48 PM,2,4,"Melear, Bryce",1000013056,Right,GEO_BUL,"Watkins, Lane",1000051388,Left,GEO_PRA,Stretch,4,Top,0,1,2,ChangeUp,Undefined,StrikeSwinging,Strikeout,Undefined,Undefined,0,0,,79.5681251429452,-0.32248470295448,-2.55870850205308,2047.43435173306,234.358981372522,1:45,5.42159768585672,1.52143180645867,5.56693991636339,-28.6568701885463,16.468291798515,23.0270823974142,2.73201583034322,1.04889317993274,71.8388799777949,-5.70237105181403,1.77914258140362,0.483482662771505,57.625970376491,-5.29126933419008,1.55353384880333,,,,,22.4433516834592,2.5611682195872,-1.26241889368954,0.263862915039063,-13.1373488033737,8.91374676080671,-1.31586434466829,50,5.37536555343595,4.46580832366255,-115.54552997592,-1.51920250853389,-17.5079413064007,24.3855012128554,-20.2948362858203,GEO_BUL,GEO_PRA,UGeorgia,D1,SEC,20210505-UGeorgia-1,d09630b9-adeb-11eb-aeb9-181deafaf045,
107,5/5/2021,5:50:24 PM,3,1,"Melear, Bryce",1000013056,Right,GEO_BUL,"Ketchup, Caleb",90000173138,Right,GEO_PRA,Stretch,4,Top,1,0,0,Fastball,Undefined,BallCalled,Undefined,Undefined,Undefined,0,0,,90.1856540951972,-2.85504418903349,-2.26708857437764,2325.49532137125,213.982927935049,1:15,5.46667385007117,1.6723310145684,5.67376090104134,-13.619317519557,21.5291480562028,14.5345386040806,1.66610812757145,0.769170940763742,81.0418285978805,-5.41909834031787,0.480673298018877,0.42670202467437,,,,,,,,,,,,-8.55680348298546,12.5103629361136,-1.49028364794181,50,5.21745596050831,4.69083706706914,-130.827730905691,-6.98736741171301,-14.5736589622522,32.0569430805348,-10.8668205375267,GEO_BUL,GEO_PRA,UGeorgia,D1,SEC,20210505-UGeorgia-1,dfb2d5e4-adeb-11eb-aeb9-181deafaf045,
108,5/5/2021,5:50:38 PM,3,2,"Melear, Bryce",1000013056,Right,GEO_BUL,"Ketchup, Caleb",90000173138,Right,GEO_PRA,Stretch,4,Top,1,1,0,Curveball,Undefined,InPlay,Undefined,GroundBall,Out,1,0,,73.8500366967541,1.81290283361911,0.0429876693759653,2605.89564133573,59.7165680409355,8:00,5.2389726934396,1.72083447527584,5.02504027799566,-66.4477083853058,-12.2926585647891,-20.9631419542696,1.41265995740068,0.0144636898884256,66.6366488744125,-10.5384074593923,-3.89361634749456,0.529652465460485,62.9332390823809,-13.4606797681423,34.3190760370163,,,,,7.49734028487325,6.24475578668622,26.1283915997151,0.0664434814453125,11.0597788072271,-7.13313921973172,-1.70884555214395,50,5.36120491382054,0.552854701623357,-107.069303223487,1.3818891665195,12.4719681821084,23.4034359117638,-40.2179965356531,GEO_BUL,GEO_PRA,UGeorgia,D1,SEC,20210505-UGeorgia-1,e881c2fa-adeb-11eb-aeb9-181deafaf045,
109,5/5/2021,5:51:24 PM,4,1,"Melear, Bryce",1000013056,Right,GEO_BUL,"Floyd, Buddy",1000050725,Left,GEO_PRA,Stretch,4,Top,2,0,0,Fastball,Undefined,InPlay,Undefined,GroundBall,Out,1,0,,89.6947916576649,-2.15808989320838,-1.57322559203448,2369.5559272614,206.041700407442,12:45,5.43535197968109,1.46621025044924,5.83023567167785,-14.0075287359292,21.2803670316733,10.4145198553972,2.26058100498726,0.871532566766051,80.5312168965104,-4.80673442967777,0.402756614067627,0.427547527574871,70.5518859121716,2.02225050656098,-8.31109572861412,1186.29157385673,,,,46.9686825535093,44.9493185289758,-7.51563529154945,0.469225463867188,-6.15260005370792,12.2214282843975,-1.34403556938656,50,5.25122996011425,3.23889106067036,-130.264863884932,-5.36640765597884,-10.376579658729,32.0791556737795,-11.5621734094237,GEO_BUL,GEO_PRA,UGeorgia,D1,SEC,20210505-UGeorgia-1,065e15e9-adec-11eb-aeb9-181deafaf045,
